ESTRATO,ISSN,TITULO
B4,0002-161X,AGRICULTURAL RESEARCH (WASHINGTON)
B1,0002-1857,AGROCHIMICA (PISA)
A2,0002-1962,AGRONOMY JOURNAL (PRINT)
A1,0007-6503,BUSINESS & SOCIETY
A1,0007-6791,BUSINESS HISTORY
A1,0007-6813,BUSINESS HORIZONS
A1,0009-3920,CHILD DEVELOPMENT
A2,0009-398X,CHILD PSYCHIATRY AND HUMAN DEVELOPMENT
A2,0012-155X,DEVELOPMENT AND CHANGE (PRINT)
A2,0012-1606,DEVELOPMENTAL BIOLOGY (PRINT)
A1,0012-1622,DEVELOPMENTAL MEDICINE AND CHILD NEUROLOGY (PRINT)
A2,0012-1630,DEVELOPMENTAL PSYCHOBIOLOGY (PRINT)
A1,0013-0079,ECONOMIC DEVELOPMENT AND CULTURAL CHANGE
A3,0014-4797,EXPERIMENTAL AGRICULTURE (PRINT)
A1,0017-8012,HARVARD BUSINESS REVIEW
B3,0018-1439,HIGH ENERGY CHEMISTRY
A2,0018-716X,HUMAN DEVELOPMENT
A2,0018-9391,IEEE TRANSACTIONS ON ENGINEERING MANAGEMENT
A1,0019-8501,INDUSTRIAL MARKETING MANAGEMENT
A1,0021-8561,JOURNAL OF AGRICULTURAL AND FOOD CHEMISTRY
A2,0021-857X,JOURNAL OF AGRICULTURAL ECONOMICS
A1,0021-8596,THE JOURNAL OF AGRICULTURAL SCIENCE (PRINT)
A1,0022-0388,JOURNAL OF DEVELOPMENT STUDIES
A1,0022-1082,THE JOURNAL OF FINANCE (NEW YORK. PRINT)
A1,0022-1996,JOURNAL OF INTERNATIONAL ECONOMICS (PRINT)
A1,0022-2380,JOURNAL OF MANAGEMENT STUDIES (OXFORD. PRINT)
A2,0022-5142,JOURNAL OF THE SCIENCE OF FOOD AND AGRICULTURE
A2,0022-5258,JOURNAL OF TRANSPORT ECONOMICS AND POLICY
A2,0022-541X,THE JOURNAL OF WILDLIFE MANAGEMENT
A1,0025-1747,MANAGEMENT DECISION
A1,0025-1909,MANAGEMENT SCIENCE
A4,0028-3045,"NETWORKS (NEW YORK, N.Y. PRINT)"
A3,0028-8233,NEW ZEALAND JOURNAL OF AGRICULTURAL RESEARCH
A1,0033-5533,THE QUARTERLY JOURNAL OF ECONOMICS
A1,0033-6807,R & D MANAGEMENT (PRINT)
A1,0034-6535,THE REVIEW OF ECONOMICS AND STATISTICS
A2,0034-7590,RAE. REVISTA DE ADMINISTRAÇÃO DE EMPRESAS
B4,0034-7655,REVISTA DE AGRICULTURA (PIRACICABA)
B4,0037-1718,JOURNAL OF AGRICULTURAL ENGINEERING
A1,0038-092X,SOLAR ENERGY
C,0041-8676,REVISTA DE LA FACULTAD DE AGRONOMÍA (LA PLATA)
A1,0047-2506,JOURNAL OF INTERNATIONAL BUSINESS STUDIES
A1,0047-2727,JOURNAL OF PUBLIC ECONOMICS
A2,0047-6374,MECHANISMS OF AGEING AND DEVELOPMENT (PRINT)
A1,0065-2113,ADVANCES IN AGRONOMY
B3,0084-5841,"AMA. AGRICULTURAL MECHANIZATION IN ASIA, AFRICA AND LATIN AMERICA"
B1,0091-4150,INTERNATIONAL JOURNAL OF AGING & HUMAN DEVELOPMENT (PRINT)
A1,0094-1190,JOURNAL OF URBAN ECONOMICS (PRINT)
A1,0098-7921,POPULATION AND DEVELOPMENT REVIEW
C,0100-3100,BOLETIM TÉCNICO - INSTITUTO AGRONÓMICO DE CAMPINAS
B4,0100-4298,AGROANALYSIS (FGV)
C,0100-445X,INFORME AGROPECUÁRIO
C,0100-7467,AGROPECUÁRIA TÉCNICA (UFPB)
C,0100-8501,PESQUISA AGROPECUÁRIA PERNAMBUCANA
C,0101-1758,AGROPECUÁRIA TROPICAL
B4,0102-8049,"REVISTA DE DIREITO MERCANTIL INDUSTRIAL, ECONÔMICO E FINANCEIRO"
B1,0102-8774,REVISTA DE DIREITO DO TRABALHO (SÃO PAULO)
C,0103-0779,AGROPECUÁRIA CATARINENSE
A3,0103-2003,REVISTA DE ECONOMIA E SOCIOLOGIA RURAL (IMPRESSO)
C,0103-3816,AGROTRÓPICA (ITABUNA)
B4,0103-7978,REVISTA DO TRIBUNAL SUPERIOR DO TRABALHO
A4,0103-8478,CIÊNCIA RURAL (UFSM. IMPRESSO)
C,0103-8699,CIENCIA AGRICOLA (UFAL)
C,0104-1010,CULTURA AGRONOMICA (UNESP. ILHA SOLTEIRA)
B4,0104-1347,REVISTA BRASILEIRA DE AGROMETEOROLOGIA
C,0104-3617,CIENCIA AGRONOMICA (UNESP.JABOTICABAL)
A1,0104-4478,REVISTA DE SOCIOLOGIA E POLÍTICA (UFPR. IMPRESSO)
B2,0104-530X,GESTÃO & PRODUÇÃO (UFSCAR. IMPRESSO)
A4,0104-8015,POLÍTICA & TRABALHO
B3,0104-8996,REVISTA BRASILEIRA DE AGROCIENCIA (UFPEL)
C,0104-9070,PESQUISA AGROPECUÁRIA GAÚCHA
B4,0120-2812,ACTA AGRONOMICA
B3,0120-9965,AGRONOMIA COLOMBIANA
B3,0121-3784,LIVESTOCK RESEARCH FOR RURAL DEVELOPMENT
A2,0122-1450,CUADERNOS DE DESARROLLO RURAL
B4,0122-8706,CORPOICA CIENCIA Y TECNOLOGIA AGROPECUARIA
A1,0140-9883,ENERGY ECONOMICS
C,0141-3054,CIÊNCIA E AGROTECNOLOGIA
A1,0142-0615,INTERNATIONAL JOURNAL OF ELECTRICAL POWER & ENERGY SYSTEMS
A2,0143-6570,MDE. MANAGERIAL AND DECISION ECONOMICS (PRINT)
A3,0143-7739,LEADERSHIP & ORGANIZATION DEVELOPMENT JOURNAL
A1,0144-3577,INTERNATIONAL JOURNAL OF OPERATIONS & PRODUCTION MANAGEMENT
A3,0144-5987,ENERGY EXPLORATION & EXPLOITATION
A3,0144-6193,CONSTRUCTION MANAGEMENT & ECONOMICS (PRINT)
A3,0144-8765,BIOLOGICAL AGRICULTURE & HORTICULTURE
A2,0145-305X,DEVELOPMENTAL AND COMPARATIVE IMMUNOLOGY
B2,0147-1473,SOCIAL DEVELOPMENT ISSUES
A1,0148-2963,JOURNAL OF BUSINESS RESEARCH
A2,0148-6195,JOURNAL OF ECONOMICS AND BUSINESS
B2,0148-9917,THE JOURNAL OF AMBULATORY CARE MANAGEMENT
A2,0149-1970,PROGRESS IN NUCLEAR ENERGY (NEW SERIES)
A1,0160-3477,JOURNAL OF POST KEYNESIAN ECONOMICS
A1,0162-3257,JOURNAL OF AUTISM AND DEVELOPMENTAL DISORDERS
A3,0163-6383,INFANT BEHAVIOR & DEVELOPMENT
A4,0164-0313,JOURNAL OF FUSION ENERGY
A2,0164-0704,JOURNAL OF MACROECONOMICS
A1,0165-1765,ECONOMICS LETTERS
A1,0165-4101,JOURNAL OF ACCOUNTING & ECONOMICS
A1,0167-4544,JOURNAL OF BUSINESS ETHICS
A1,0167-6296,JOURNAL OF HEALTH ECONOMICS
A3,0167-6687,INSURANCE. MATHEMATICS & ECONOMICS
A1,0167-8809,"AGRICULTURE, ECOSYSTEMS & ENVIRONMENT (PRINT)"
A1,0168-1699,COMPUTERS AND ELECTRONICS IN AGRICULTURE
C,0168-8170,INVERTEBRATE REPRODUCTION AND DEVELOPMENT
A1,0185-1918,REVISTA MEXICANA DE CIENCIAS POLÍTICAS Y SOCIALES
A2,0195-0738,JOURNAL OF ENERGY RESOURCES TECHNOLOGY
A2,0196-206X,JOURNAL OF DEVELOPMENTAL AND BEHAVIORAL PEDIATRICS
A1,0196-8904,ENERGY CONVERSION AND MANAGEMENT
A3,0199-6231,JOURNAL OF SOLAR ENERGY ENGINEERING
A4,0214-6282,THE INTERNATIONAL JOURNAL OF DEVELOPMENTAL BIOLOGY
B3,0214-9887,INTERNATIONAL JOURNAL OF DEVELOPMENTAL AND EDUCATIONAL PSYCHOLOGY
A4,0219-0249,INTERNATIONAL JOURNAL OF THEORETICAL AND APPLIED FINANCE
A3,0219-6492,JOURNAL OF INFORMATION & KNOWLEDGE MANAGEMENT
A3,0219-8770,INTERNATIONAL JOURNAL ON MANAGEMENT OF INNOVATION & TECHNOLOGY
A3,0236-8722,INTERNATIONAL AGROPHYSICS
A4,0255-965X,NOTULAE BOTANICAE HORTI AGROBOTANICI CLUJ-NAPOCA (PRINT)
A1,0261-5177,TOURISM MANAGEMENT (1982)
A2,0262-1711,JOURNAL OF MANAGEMENT DEVELOPMENT
A1,0263-2373,EUROPEAN MANAGEMENT JOURNAL
A1,0263-5577,INDUSTRIAL MANAGEMENT + DATA SYSTEMS
A1,0263-7863,INTERNATIONAL JOURNAL OF PROJECT MANAGEMENT
A2,0265-671X,INTERNATIONAL JOURNAL OF QUALITY AND RELIABILITY MANAGEMENT
A3,0266-0032,SOIL USE AND MANAGEMENT
A4,0266-3821,BUSINESS INFORMATION REVIEW
A3,0266-6669,INFORMATION DEVELOPMENT
A2,0267-257X,MM. JOURNAL OF MARKETING MANAGEMENT
A2,0267-5730,INTERNATIONAL JOURNAL OF TECHNOLOGY MANAGEMENT
A2,0268-1102,INFORMATION TECHNOLOGY FOR DEVELOPMENT
A1,0268-4012,INTERNATIONAL JOURNAL OF INFORMATION MANAGEMENT
A3,0269-2171,INTERNATIONAL REVIEW OF APPLIED ECONOMICS
A4,0272-4391,DRUG DEVELOPMENT RESEARCH (PRINT)
A2,0275-5319,RESEARCH IN INTERNATIONAL BUSINESS AND FINANCE
A4,0275-6196,WASTE MANAGEMENT
A1,0276-7783,MANAGEMENT INFORMATION SYSTEMS QUARTERLY
A1,0278-4319,INTERNATIONAL JOURNAL OF HOSPITALITY MANAGEMENT
A1,0300-4430,EARLY CHILD DEVELOPMENT AND CARE
A1,0301-4215,ENERGY POLICY
A1,0301-4797,JOURNAL OF ENVIRONMENTAL MANAGEMENT
B3,0304-2847,REVISTA FACULTAD NACIONAL DE AGRONOMIA
A1,0304-3878,JOURNAL OF DEVELOPMENT ECONOMICS (PRINT)
A1,0304-405X,JOURNAL OF FINANCIAL ECONOMICS
A1,0304-4068,JOURNAL OF MATHEMATICAL ECONOMICS (PRINT)
A1,0304-4076,JOURNAL OF ECONOMETRICS
A2,0305-1862,CHILD CARE HEALTH AND DEVELOPMENT (PRINT)
A1,0305-750X,WORLD DEVELOPMENT
A1,0306-2619,APPLIED ENERGY
A2,0306-4549,ANNALS OF NUCLEAR ENERGY
A1,0306-4573,INFORMATION PROCESSING & MANAGEMENT
A3,0306-8293,INTERNATIONAL JOURNAL OF SOCIAL ECONOMICS
A1,0308-521X,AGRICULTURAL SYSTEMS
A1,0308-8839,MARITIME POLICY AND MANAGEMENT
A1,0309-166X,CAMBRIDGE JOURNAL OF ECONOMICS
B2,0326-6184,REVISTA DE LA FACULTAD DE AGRONOMÍA. UNIVERSIDAD NACIONAL DE LA PAMPA
B2,0326-7806,CUADERNOS DE POLÍTICA EXTERIOR ARGENTINA
B4,0342-7633,ADULT EDUCATION AND DEVELOPMENT
A1,0360-1285,PROGRESS IN ENERGY AND COMBUSTION SCIENCE
A1,0360-3199,INTERNATIONAL JOURNAL OF HYDROGEN ENERGY
A1,0360-5442,ENERGY (OXFORD)
A4,0363-9045,DRUG DEVELOPMENT AND INDUSTRIAL PHARMACY (PRINT)
A1,0363-907X,INTERNATIONAL JOURNAL OF ENERGY RESEARCH (PRINT)
A2,0364-152X,ENVIRONMENTAL MANAGEMENT (NEW YORK)
A2,0365-0340,ARCHIVES OF AGRONOMY AND SOIL SCIENCE
C,0365-2726,O AGRONÔMICO (CAMPINAS)
A1,0377-7332,EMPIRICAL ECONOMICS
A1,0378-1127,FOREST ECOLOGY AND MANAGEMENT
A1,0378-3774,AGRICULTURAL WATER MANAGEMENT (PRINT)
A2,0378-3782,EARLY HUMAN DEVELOPMENT
A1,0378-4266,JOURNAL OF BANKING & FINANCE (PRINT)
A1,0378-7788,ENERGY AND BUILDINGS
B4,0378-7818,REVISTA DE LA FACULTAD DE AGRONOMÍA
A1,0378-8733,SOCIAL NETWORKS
A3,0387-7604,BRAIN & DEVELOPMENT (TOKYO. 1979)
A3,0391-8440,INTERNATIONAL JOURNAL OF TRANSPORT ECONOMICS (PRINT)
A2,0486-6134,THE REVIEW OF RADICAL POLITICAL ECONOMICS
B1,0552-9034,PAKISTAN JOURNAL OF AGRICULTURAL SCIENCES
A3,0554-5579,THE JOURNAL AGRICULTURE AND FORESTRY
B1,0556-6916,REVISTA PARANAENSE DE DESENVOLVIMENTO
B1,0716-1077,POLÍTICA (SANTIAGO)
A1,0716-1417,REVISTA DE CIENCIA POLÍTICA (SANTIAGO. IMPRESA)
B4,0717-9901,HORIZONTES EMPRESARIALES
A3,0718-2724,JOURNAL OF TECHNOLOGY MANAGEMENT & INNOVATION
B2,0718-462X,REVISTA POLÍTICAS PÚBLICAS
A4,0718-5820,CHILEAN JOURNAL OF AGRICULTURAL RESEARCH (PRINT)
C,0718-9389,REVISTA CHILENA DE DERECHO Y CIENCIA POLÍTICA
B4,0719-3890,CHILEAN JOURNAL OF AGRICULTURAL & ANIMAL SCIENCE
C,0719-4994,"REVISTA IBEROAMERICANA DE VITICULTURA, AGROINDUSTRIA Y RURALIDAD"
B3,0719-6296,REVISTA ESTUDIOS DE POLÍTICAS PÚBLICAS
C,0733-2408,"BUSINESS FORUM (LOS ANGELES, CALIF.)"
A1,0733-9364,JOURNAL OF CONSTRUCTION ENGINEERING AND MANAGEMENT
A3,0733-9402,JOURNAL OF ENERGY ENGINEERING
A2,0733-9488,JOURNAL OF URBAN PLANNING AND DEVELOPMENT
A1,0733-9496,JOURNAL OF WATER RESOURCES PLANNING AND MANAGEMENT
A1,0735-0015,JOURNAL OF BUSINESS & ECONOMIC STATISTICS
A4,0736-5748,INTERNATIONAL JOURNAL OF DEVELOPMENTAL NEUROSCIENCE
C,0738-145X,AGRICELL REPORT
A3,0739-8859,RESEARCH IN TRANSPORTATION ECONOMICS
A1,0741-6261,THE RAND JOURNAL OF ECONOMICS
A1,0743-0167,JOURNAL OF RURAL STUDIES
A4,0746-1739,NURSING ECONOMICS
B1,0749-6753,THE INTERNATIONAL JOURNAL OF HEALTH PLANNING AND MANAGEMENT
A4,0792-4259,INVERTEBRATE REPRODUCTION & DEVELOPMENT
A2,0797-9789,REVISTA URUGUAYA DE CIENCIA POLÍTICA
A2,0803-9410,FORUM FOR DEVELOPMENT STUDIES
A2,0810-5391,ACCOUNTING AND FINANCE (PARKVILLE. PRINT)
B4,0813-0183,INTERNATIONAL JOURNAL OF MANAGEMENT
B1,0832-7823,THE JOURNAL OF MICROWAVE POWER AND ELECTROMAGNETIC ENERGY
B4,0864-0408,CUBAN JOURNAL OF AGRICULTURAL SCIENCE
B1,0870-8827,REVISTA DE CONTABILIDADE E FINANÇAS
B3,0872-556X,GESTÃO E DESENVOLVIMENTO
A1,0883-7252,"JOURNAL OF APPLIED ECONOMETRICS (CHICHESTER, ENGLAND)"
A4,0883-8542,APPLIED ENGINEERING IN AGRICULTURE
A4,0885-2014,COGNITIVE DEVELOPMENT
A2,0885-2545,JOURNAL OF CULTURAL ECONOMICS
A3,0885-3134,JOURNAL OF PERSONAL SELLING & SALES MANAGEMENT
A1,0885-3924,JOURNAL OF PAIN AND SYMPTOM MANAGEMENT
A1,0885-8624,THE JOURNAL OF BUSINESS & INDUSTRIAL MARKETING
A1,0885-8969,IEEE TRANSACTIONS ON ENERGY CONVERSION
A1,0887-0624,ENERGY & FUELS (PRINT)
A1,0889-3268,JOURNAL OF BUSINESS AND PSYCHOLOGY
B1,0889-5899,OSTOMY/WOUND MANAGEMENT
A1,0890-8044,IEEE NETWORK
A2,0891-4222,RESEARCH IN DEVELOPMENTAL DISABILITIES
A1,0893-6080,NEURAL NETWORKS
A1,0894-4865,FAMILY BUSINESS REVIEW
A1,0894-8755,JOURNAL OF CLIMATE
A3,0897-4438,JOURNAL OF INTERNATIONAL FOOD & AGRIBUSINESS MARKETING
A2,0897-5264,JOURNAL OF COLLEGE STUDENT DEVELOPMENT (PRINT)
A1,0898-5626,ENTREPRENEURSHIP AND REGIONAL DEVELOPMENT
A4,0906-4710,"ACTA AGRICULTURAE SCANDINAVICA. SECTION B, SOIL AND PLANT SCIENCE"
A2,0920-4741,WATER RESOURCES MANAGEMENT
A1,0921-8009,ECOLOGICAL ECONOMICS (AMSTERDAM)
A1,0921-898X,SMALL BUSINESS ECONOMICS
A1,0923-4748,JOURNAL OF ENGINEERING AND TECHNOLOGY MANAGEMENT
A3,0923-4861,WETLANDS ECOLOGY AND MANAGEMENT
B1,0925-4773,MECHANISMS OF DEVELOPMENT
A1,0925-5273,INTERNATIONAL JOURNAL OF PRODUCTION ECONOMICS
A2,0927-0248,SOLAR ENERGY MATERIALS AND SOLAR CELLS
B1,0927-7099,COMPUTATIONAL ECONOMICS
A1,0929-1199,JOURNAL OF CORPORATE FINANCE (AMSTERDAM. PRINT)
A2,0930-7575,CLIMATE DYNAMICS
A1,0931-2250,JOURNAL OF AGRONOMY AND CROP SCIENCE (1986)
A2,0932-4569,JITE. JOURNAL OF INSTITUTIONAL AND THEORETICAL ECONOMICS
A4,0935-9915,MANAGEMENT REVUE: THE INTERNATIONAL REVIEW OF MANAGEMENT STUDIES
A1,0938-8249,MIR. MANAGEMENT INTERNATIONAL REVIEW (1990)
B1,0949-944X,"DEVELOPMENT, GENES AND EVOLUTION (PRINT)"
A1,0950-1991,DEVELOPMENT (CAMBRIDGE)
A2,0950-6764,DEVELOPMENT POLICY REVIEW (PRINT)
A3,0951-354X,INTERNATIONAL JOURNAL OF EDUCATIONAL MANAGEMENT
A2,0951-3558,INTERNATIONAL JOURNAL OF PUBLIC SECTOR MANAGEMENT
A3,0953-4814,JOURNAL OF ORGANISATIONAL CHANGE MANAGEMENT
A2,0953-7325,TECHNOLOGY ANALYSIS & STRATEGIC MANAGEMENT
A2,0954-0105,FOOD AND AGRICULTURAL IMMUNOLOGY
A1,0954-1748,JOURNAL OF INTERNATIONAL DEVELOPMENT
A1,0954-5794,DEVELOPMENT AND PSYCHOPATHOLOGY (PRINT)
A1,0955-534X,EUROPEAN BUSINESS REVIEW
A1,0956-053X,WASTE MANAGEMENT (ELMSFORD)
A2,0956-5698,RECORDS MANAGEMENT JOURNAL (LONDON)
A2,0957-4093,INTERNATIONAL JOURNAL OF LOGISTICS MANAGEMENT
A4,0957-8811,EUROPEAN JOURNAL OF DEVELOPMENT RESEARCH
B1,0958-305X,ENERGY & ENVIRONMENT (BRENTWOOD)
A1,0958-5192,INTERNATIONAL JOURNAL OF HUMAN RESOURCE MANAGEMENT
A1,0959-0552,INTERNATIONAL JOURNAL OF RETAIL & DISTRIBUTION MANAGEMENT
A1,0959-6119,INTERNATIONAL JOURNAL OF CONTEMPORARY HOSPITALITY MANAGEMENT
A1,0960-0035,INTERNATIONAL JOURNAL OF PHYSICAL DISTRIBUTION & LOGISTICS MANAGEMENT
B2,0960-1406,INTERNATIONAL JOURNAL OF SUSTAINABLE DEVELOPMENT
A2,0960-1481,RENEWABLE ENERGY
A2,0961-4524,DEVELOPMENT IN PRACTICE (PRINT)
A1,0961-9534,BIOMASS & BIOENERGY
A1,0962-8770,BUSINESS ETHICS (OXFORD. PRINT)
A3,0963-8199,JOURNAL OF INTERNATIONAL TRADE AND ECONOMIC DEVELOPMENT
A2,0964-0568,JOURNAL OF ENVIRONMENTAL PLANNING AND MANAGEMENT (PRINT)
A1,0964-4733,BUSINESS STRATEGY AND THE ENVIRONMENT
A2,0964-5691,OCEAN & COASTAL MANAGEMENT
A3,0965-3562,DISASTER PREVENTION AND MANAGEMENT
A1,0966-0429,JOURNAL OF NURSING MANAGEMENT (PRINT)
A2,0966-0879,JOURNAL OF CONTINGENCIES AND CRISIS MANAGEMENT (PRINT)
A4,0967-0874,INTERNATIONAL JOURNAL OF PEST MANAGEMENT (PRINT)
A1,0968-0802,SUSTAINABLE DEVELOPMENT (BRADFORD)
A1,0969-5931,INTERNATIONAL BUSINESS REVIEW
A1,0969-6997,JOURNAL OF AIR TRANSPORT MANAGEMENT
A4,0969-997X,FISHERIES MANAGEMENT AND ECOLOGY (PRINT)
A1,0969-9988,ENGINEERING CONSTRUCTION AND ARCHITECTURAL MANAGEMENT (PRINT)
B4,0972-0510,JOURNAL OF STATISTICS AND MANAGEMENT SYSTEMS
A2,0972-0634,JOURNAL OF HEALTH MANAGEMENT. (NEW DELHI. PRINT)
A3,0972-1509,GLOBAL BUSINESS REVIEW (PRINT)
A3,0972-7981,JOURNAL OF ADVANCES IN MANAGEMENT RESEARCH
A1,0973-0826,ENERGY SUSTAINABLE DEVELOPMENT
A3,0973-4082,JOURNAL OF EDUCATION FOR SUSTAINABLE DEVELOPMENT
B4,0973-7766,COLLNET JOURNAL OF SCIENTOMETRICS AND INFORMATION MANAGEMENT
A2,0974-0198,GLOBAL JOURNAL OF FLEXIBLE SYSTEMS MANAGEMENT (ONLINE)
B4,0974-4711,WATER AND ENERGY INTERNATIONAL
C,0974-9322,INTERNATIONAL JOURNAL OF COMPUTER NETWORKS AND COMMUNICATIONS
C,0975-3834,INTERNATIONAL JOURNAL OF WIRELESS & MOBILE NETWORKS
C,0975-556X,INTERNATIONAL JOURNAL OF STATISTICS AND ECONOMICS
C,0975-5853,GLOBAL JOURNAL OF MANAGEMENT AND BUSINESS (GJMBR)
C,0975-9107,INTERNATIONAL JOURNAL OF AGRICULTURE SCIENCES
C,0975-9344,INTERNATIONAL JOURNAL OF DRUG DEVELOPMENT AND RESEARCH
B3,0976-3147,JOURNAL OF NEUROSCIENCES IN RURAL PRACTICE (PRINT)
C,1010-2760,REVISTA CIENCIAS TÉCNICAS AGROPECUARIAS
A3,1022-0038,WIRELESS NETWORKS
A2,1029-8479,THE JOURNAL OF HIGH ENERGY PHYSICS (ONLINE)
A2,1034-912X,"INTERNATIONAL JOURNAL OF DISABILITY, DEVELOPMENT AND EDUCATION"
A2,1040-1628,INFORMATION RESOURCES MANAGEMENT JOURNAL
A4,1040-2381,LAKE AND RESERVOIR MANAGEMENT
A1,1040-452X,MOLECULAR REPRODUCTION AND DEVELOPMENT
A3,1040-9289,EARLY EDUCATION AND DEVELOPMENT
A2,1042-444X,JOURNAL OF MULTINATIONAL FINANCIAL MANAGEMENT
A4,1042-9247,ENGINEERING MANAGEMENT JOURNAL
A2,1043-8599,ECONOMICS OF INNOVATION AND NEW TECHNOLOGY
A3,1044-0283,GLOBAL FINANCE JOURNAL
A1,1044-5005,MANAGEMENT ACCOUNTING RESEARCH
A1,1045-3172,BRITISH JOURNAL OF MANAGEMENT
A2,1047-8310,JOURNAL OF HIGH TECHNOLOGY MANAGEMENT RESEARCH
A3,1048-6682,NONPROFIT MANAGEMENT & LEADERSHIP (PRINT)
A3,1049-6491,JOURNAL OF PROMOTION MANAGEMENT (PRINT)
A4,1054-5476,IN VITRO CELLULAR & DEVELOPMENTAL BIOLOGY. PLANT
B3,1055-0925,JOURNAL OF ECONOMICS AND FINANCE
A4,1055-7148,INTERNATIONAL JOURNAL OF NETWORK MANAGEMENT
A1,1057-9230,HEALTH ECONOMICS (PRINT)
A3,1058-8388,DEVELOPMENTAL DYNAMICS
A2,1059-0560,INTERNATIONAL REVIEW OF ECONOMICS & FINANCE
A1,1061-0421,JOURNAL OF PRODUCT AND BRAND MANAGEMENT
A2,1062-7375,JOURNAL OF GLOBAL INFORMATION MANAGEMENT
A2,1062-9408,THE NORTH AMERICAN JOURNAL OF ECONOMICS AND FINANCE
A2,1062-9769,THE QUARTERLY REVIEW OF ECONOMICS AND FINANCE
A3,1064-7570,JOURNAL OF NETWORK AND SYSTEMS MANAGEMENT
A1,1068-2341,ARCHIVOS ANALÍTICOS DE POLÍTICAS EDUCATIVAS / EDUCATION POLICY ANALYSIS ARCHIVES
B1,1068-6967,THE QUALITY MANAGEMENT JOURNAL
B2,1068-9605,INTERNATIONAL JOURNAL OF WIRELESS INFORMATION NETWORKS
B1,1071-2690,IN VITRO CELLULAR & DEVELOPMENTAL BIOLOGY. ANIMAL (PRINT)
A1,1075-4253,JOURNAL OF INTERNATIONAL MANAGEMENT
A2,1076-9307,INTERNATIONAL JOURNAL OF FINANCE AND ECONOMICS (PRINT)
B3,1078-3466,INTERNATIONAL JOURNAL OF POWER & ENERGY SYSTEMS
B3,1078-4659,JOURNAL OF PUBLIC HEALTH MANAGEMENT AND PRACTICE
A2,1083-6160,ORGANIC PROCESS RESEARCH & DEVELOPMENT
A4,1083-7450,PHARMACEUTICAL DEVELOPMENT AND TECHNOLOGY (PRINT)
A1,1084-8045,JOURNAL OF NETWORK AND COMPUTER APPLICATIONS
A1,1084-9521,SEMINARS IN CELL & DEVELOPMENTAL BIOLOGY
A2,1085-7117,"JOURNAL OF AGRICULTURAL, BIOLOGICAL AND ENVIRONMENTAL STATISTICS"
B3,1088-1697,THE JOURNAL OF SOLID WASTE TECHNOLOGY AND MANAGEMENT
A3,1088-1913,ENVIRONMENTAL QUALITY MANAGEMENT (PRINT)
A1,1090-9516,JOURNAL OF WORLD BUSINESS (PRINT)
A4,1091-1421,PUBLIC FINANCE REVIEW
B2,1091-4358,JOURNAL OF MENTAL HEALTH POLICY AND ECONOMICS (PRINT EDITION)
A2,1092-4604,KNOWLEDGE AND PROCESS MANAGEMENT (PRINT)
A3,1096-2247,JOURNAL OF THE AIR & WASTE MANAGEMENT ASSOCIATION (1995)
A4,1096-3669,WASTE MANAGEMENT & RESEARCH (ONLINE)
A3,1096-4762,THUNDERBIRD INTERNATIONAL BUSINESS REVIEW (PRINT)
A2,1096-7508,THE INTERNATIONAL FOOD AND AGRIBUSINESS MANAGEMENT REVIEW
A4,1097-4954,GLOBAL BUSINESS AND ECONOMICS REVIEW
A4,1097-8526,"LATIN AMERICAN BUSINESS REVIEW (BINGHAMTON, N.Y.)"
A1,1098-2795,MOLECULAR REPRODUCTION AND DEVELOPMENT (ONLINE)
A1,1099-0836,BUSINESS STRATEGY AND THE ENVIRONMNET
A1,1099-145X,LAND DEGRADATION & DEVELOPMENT
B1,1099-1751,THE INTERNATIONAL JOURNAL OF HEALTH PLANNING AND MANAGEMENT (ONLINE)
A2,1104-6899,JOURNAL OF FOREST ECONOMICS
A4,1109-9526,WSEAS TRANSACTIONS ON BUSINESS AND ECONOMICS
A4,1110-662X,INTERNATIONAL JOURNAL OF PHOTOENERGY (PRINT)
B4,1126-1668,ECONOMIA AGRO-ALIMENTARE
A3,1130-6378,ECOLOGÍA POLÍTICA
B2,1130-8001,POLÍTICA Y SOCIEDAD
B2,1138-0853,PSICOLOGÍA POLÍTICA
A1,1139-1472,HISTORIA AGRARIA - REVISTA DE AGRICULTURA E HISTORIA RURAL
A1,1161-0301,EUROPEAN JOURNAL OF AGRONOMY
B1,1166-7699,AGRICULTURES (MONTROUGE) / CAHIERS D'ÉTUDES ET DE RECHERCHES FRANCOPHONES
A1,1170-7690,PHARMACOECONOMICS (AUCKLAND)
C,1174-5339,NEW ZEALAND MANAGEMENT
A2,1175-5652,APPLIED HEALTH ECONOMICS AND HEALTH POLICY
A2,1176-6093,QUALITATIVE RESEARCH IN ACCOUNTING & MANAGEMENT
B1,1176-6336,THERAPEUTICS AND CLINICAL RISK MANAGEMENT
A1,1176-6344,VASCULAR HEALTH AND RISK MANAGEMENT (PRINT)
A2,1177-8881,"DRUG DESIGN, DEVELOPMENT AND THERAPY"
B1,1178-203X,THERAPEUTICS AND CLINICAL RISK MANAGEMENT (ONLINE)
A1,1178-2048,VASCULAR HEALTH AND RISK MANAGEMENT (ONLINE)
A4,1178-6981,CLINICOECONOMICS AND OUTCOMES RESEARCH
A2,1179-1322,CANCER MANAGEMENT AND RESEARCH
A2,1179-1578,PSYCHOLOGY RESEARCH AND BEHAVIOR MANAGEMENT
B3,1203-6765,PAIN RESEARCH & MANAGEMENT
A4,1229-2370,JOURNAL OF COMMUNICATIONS AND NETWORKS (SEOUL. PRINT)
B3,1232-1966,AAEM. ANNALS OF AGRICULTURAL AND ENVIRONMENTAL MEDICINE
B1,1250-7970,LOGISTIQUE MANAGEMENT
A3,1309-0127,INTERNATIONAL JOURNAL OF RENEWABLE ENERGY RESEARCH
A2,1309-4297,EURASIAN BUSINESS REVIEW (PRINT)
B2,1310-0351,BULGARIAN JOURNAL OF AGRICULTURAL SCIENCE
A4,1316-0354,AGROALIMENTARIA (CARACAS)
B3,1316-3361,BIOAGRO
B2,1320-5331,LAKES AND RESERVOIRS:  RESEARCH AND MANAGEMENT
C,1331-7768,ACS. AGRICULTURAE CONSPECTUS SCINTIFICUS (TISAK)
A2,1350-231X,JOURNAL OF BRAND MANAGEMENT
A2,1350-4509,INTERNATIONAL JOURNAL OF SUSTAINABLE DEVELOPMENT AND WORLD ECOLOGY
A2,1350-4851,APPLIED ECONOMICS LETTERS (PRINT)
B1,1350-486X,APPLIED MATHEMATICAL FINANCE (PRINT)
A1,1350-5076,MANAGEMENT LEARNING
A3,1352-7592,TEAM PERFORMANCE MANAGEMENT
A3,1354-8166,TOURISM ECONOMICS: THE BUSINESS AND FINANCE OF TOURISM AND RECREATION
A2,1355-770X,ENVIRONMENT AND DEVELOPMENT ECONOMICS (PRINT)
A1,1359-8546,SUPPLY CHAIN MANAGEMENT
A2,1360-0818,OXFORD DEVELOPMENT STUDIES
A2,1361-2026,JOURNAL OF FASHION MARKETING AND MANAGEMENT
A2,1363-6669,REVIEW OF DEVELOPMENT ECONOMICS (PRINT)
A2,1363-9196,INTERNATIONAL JOURNAL OF INNOVATION MANAGEMENT
A1,1364-0321,RENEWABLE & SUSTAINABLE ENERGY REVIEWS
A2,1364-985X,AUSTRALIAN JOURNAL OF AGRICULTURAL AND RESOURCE ECONOMICS (PRINT)
A1,1365-1005,MACROECONOMIC DYNAMICS (PRINT)
A4,1365-2400,FISHERIES MANAGEMENT AND ECOLOGY
A4,1366-4387,JOURNAL OF FINANCIAL MANAGEMENT OF PROPERTY AND CONSTRUCTION
A2,1367-0271,INTERNATIONAL FINANCE (OXFORD. PRINT)
A1,1367-3270,JOURNAL OF KNOWLEDGE MANAGEMENT
B1,1368-2148,INTERNATIONAL JOURNAL OF MANUFACTURING TECHNOLOGY AND MANAGEMENT
A2,1368-3047,MEASURING BUSINESS EXCELLENCE
A2,1368-4221,ECONOMETRICS JOURNAL (PRINT)
B1,1368-4892,INTERNATIONAL JOURNAL OF BUSINESS PERFORMANCE MANAGEMENT
A2,1369-6998,JOURNAL OF MEDICAL ECONOMICS
A3,1380-3395,"NEUROPSYCHOLOGY, DEVELOPMENT, AND COGNITION. SECTION A, JOURNAL OF CLINICAL AND EXPERIMENTAL NEUROPSYCHOLOGY"
A2,1383-469X,JOURNAL ON SPECIAL TOPICS IN MOBILE NETWORKS AND APPLICATIONS
A2,1385-1314,NUTRIENT CYCLING IN AGROECOSYSTEMS
A1,1385-2256,PRECISION AGRICULTURE (PRINT)
A2,1385-3457,THE JOURNAL OF MANAGEMENT AND GOVERNANCE (PRINT)
A3,1385-4046,"NEUROPSYCHOLOGY, DEVELOPMENT, AND COGNITION. D, CLINICAL NEUROPSYCHOLOGIST"
A2,1385-951X,INFORMATION TECHNOLOGY AND MANAGEMENT
A4,1386-9620,HEALTH CARE MANAGEMENT SCIENCE
A3,1387-585X,"ENVIRONMENT, DEVELOPMENT AND SUSTAINABILITY"
A4,1387-974X,PHOTONIC NETWORK COMMUNICATIONS
A2,1389-1286,COMPUTER NETWORKS (1999)
B3,1389-224X,THE JOURNAL OF AGRICULTURAL EDUCATION AND EXTENSION
A1,1389-9341,FOREST POLICY AND ECONOMICS
B3,1390-7921,REVISTA ECONOMÍA Y POLÍTICA
B1,1390-9193,MUNDOS PLURALES: REVISTA LATINOAMERICANA DE POLÍTICAS Y ACCIÓN PÚBLICA
A2,1392-3730,JOURNAL OF CIVIL ENGINEERING AND MANAGEMENT
B2,1405-3195,AGROCIENCIA (MONTECILLO)
A4,1406-894X,AGRONOMY RESEARCH
A2,1408-6980,JOURNAL OF INTERNATIONAL RELATIONS & DEVELOPMENT (LJUBLJANA. TISKANA IZD.)
C,1409-3251,PERSPECTIVAS RURALES
A3,1413-0580,ESTUDOS SOCIEDADE E AGRICULTURA (UFRRJ)
B2,1413-4969,REVISTA DE POLITICA AGRICOLA
C,1413-8263,REVISTA CIENTÍFICA RURAL
B2,1414-0810,AGRICULTURA FAMILIAR (UFPA)
B2,1414-3917,ÉTICA E FILOSOFIA POLÍTICA
B4,1414-6509,ECONOMIA E DESENVOLVIMENTO (SANTA MARIA. IMPRESSO)
A2,1414-7378,ANTROPOLÍTICA (UFF)
A4,1415-1979,REVISTA DA SOCIEDADE BRASILEIRA DE ECONOMIA POLÍTICA
B4,1415-6245,LEITURAS DE ECONOMIA POLÍTICA (UNICAMP)
B4,1415-6296,REVISTA DOS TRIBUNAIS. CADERNOS DE DIREITO TRIBUTÁRIO E FINANÇAS PÚBLICAS
B4,1415-630X,REVISTA DOS TRIBUNAIS. CADERNOS DE DIREITO CONSTITUCIONAL E CIÊNCIA POLÍTICA
B3,1415-7802,EXTENSÃO RURAL (SANTA MARIA)
NP,1415-8868,HSM MANAGEMENT
A3,1438-4957,JOURNAL OF MATERIAL CYCLES AND WASTE MANAGEMENT (PRINT)
A1,1441-3523,SPORT MANAGEMENT REVIEW
A4,1444-6162,WEED BIOLOGY AND MANAGEMENT (PRINT)
A4,1445-6354,RURAL AND REMOTE HEALTH
A4,1446-8956,INTERNATIONAL JOURNAL OF DEVELOPMENT ISSUES
A2,1447-6770,JOURNAL OF HOSPITALITY AND TOURISM MANAGEMENT
A2,1447-9338,"INNOVATION: MANAGEMENT, POLICY & PRACTICE"
A3,1447-9524,"INTERNATIONAL JOURNAL OF KNOWLEDGE, CULTURE AND CHANGE MANAGEMENT"
A2,1448-5990,"REPRODUCTION, FERTILITY AND DEVELOPMENT (ONLINE)"
C,1450-2275,"EUROPEAN JOURNAL OF ECONOMICS, FINANCE AND ADMINISTRATIVE SCIENCES"
C,1459-0263,"JOURNAL OF FOOD, AGRICULTURE AND ENVIRONMENT (ONLINE)"
A2,1460-1060,EUROPEAN JOURNAL OF INNOVATION MANAGEMENT
A4,1460-3799,RISK MANAGEMENT
A1,1460-8545,INTERNATIONAL JOURNAL OF MANAGEMENT REVIEWS (PRINT)
A2,1461-6734,ATTACHMENT & HUMAN DEVELOPMENT (PRINT)
A2,1461-9555,AGRICULTURAL AND FOREST ENTOMOLOGY (PRINT)
A3,1462-4621,INTERNATIONAL JOURNAL OF MANAGEMENT AND DECISION MAKING
A2,1462-6004,JOURNAL OF SMALL BUSINESS AND ENTERPRISE DEVELOPMENT
A2,1463-4236,PRIMARY HEALTH CARE RESEARCH & DEVELOPMENT
A4,1463-578X,JOURNAL OF PROPERTY INVESTMENT AND FINANCE (PRINT)
A1,1463-7154,BUSINESS PROCESS MANAGEMENT JOURNAL
A4,1464-3332,JOURNAL OF ENVIRONMENTAL ASSESSMENT POLICY AND MANAGEMENT
B4,1466-2132,INTERNATIONAL JOURNAL OF ENVIRONMENTAL TECHNOLOGY AND MANAGEMENT
A1,1466-4283,APPLIED ECONOMICS (ONLINE)
A1,1466-4399,THE INTERNATIONAL JOURNAL OF HUMAN RESOURCE MANAGEMENT
A2,1467-8039,ARTHROPOD STRUCTURE & DEVELOPMENT
B1,1467-8292,ANNALS OF PUBLIC AND COOPERATIVE ECONOMICS
A2,1467-8802,"CONFLICT, SECURITY & DEVELOPMENT"
A2,1467-9361,REVIEW OF DEVELOPMENT ECONOMICS
B3,1468-2656,COMMUNITY DEVELOPMENT JOURNAL (ONLINE)
A3,1468-4330,INTERNATIONAL JOURNAL OF MANAGEMENT AND ENTERPRISE DEVELOPMENT (PRINT)
A1,1469-3062,CLIMATE POLICY
A1,1469-5146,THE JOURNAL OF AGRICULTURAL SCIENCE (ONLINE)
A4,1469-7688,QUANTITATIVE FINANCE (PRINT)
A1,1470-2266,GLOBAL NETWORKS (OXFORD. PRINT)
A3,1470-9511,INTERNATIONAL JOURNAL OF AUTOMOTIVE TECHNOLOGY AND MANAGEMENT
B1,1471-213X,BMC DEVELOPMENTAL BIOLOGY (ONLINE)
A2,1471-678X,IMA JOURNAL OF MANAGEMENT MATHEMATICS (PRINT)
A1,1471-9037,PUBLIC MANAGEMENT REVIEW (PRINT)
A2,1472-8117,THE INTERNATIONAL JOURNAL OF MANAGEMENT EDUCATION
B1,1472-8923,INTERNATIONAL JOURNAL OF ENERGY TECHNOLOGY AND POLICY
A3,1473-7167,EXPERT REVIEW OF PHARMACOECONOMICS & OUTCOMES RESEARCH
B2,1474-2748,INTERNATIONAL JOURNAL OF TECHNOLOGY MANAGEMENT & SUSTAINABLE DEVELOPMENT
A3,1474-6778,INTERNATIONAL JOURNAL OF ENVIRONMENT AND SUSTAINABLE DEVELOPMENT
A3,1476-1297,INTERNATIONAL JOURNAL OF ENTREPRENEURSHIP AND SMALL BUSINESS
B4,1476-1300,INTERNATIONAL JOURNAL OF INTERNET AND ENTERPRISE MANAGEMENT
A4,1477-7835,MANAGEMENT OF ENVIRONMENTAL QUALITY
A2,1477-8238,KNOWLEDGE MANAGEMENT RESEARCH AND PRACTICE (PRINT)
B1,1477-9056,INTERNATIONAL JOURNAL OF PRODUCT DEVELOPMENT (PRINT)
A1,1478-3363,TOTAL QUALITY MANAGEMENT & BUSINESS EXCELLENCE (PRINT)
A1,1478-3371,TOTAL QUALITY MANAGEMENT AND BUSINESS EXCELLENCE (ONLINE)
B4,1478-9647,INTERNATIONAL JOURNAL OF INTELLECTUAL PROPERTY MANAGEMENT (PRINT)
B2,1478-9868,INTERNATIONAL JOURNAL OF ENVIRONMENT AND WASTE MANAGEMENT (ONLINE)
A2,1479-2931,MARITIME ECONOMICS & LOGISTICS (PRINT)
A1,1479-8409,JOURNAL OF FINANCIAL ECONOMETRICS
B4,1510-0839,AGROCIENCIA (MONTEVIDEO)
B1,1511-6670,INTERNATIONAL JOURNAL OF BUSINESS AND SOCIETY
A2,1514-0326,JOURNAL OF APPLIED ECONOMICS
A2,1516-3717,CADERNOS DE PSICOLOGIA SOCIAL DO TRABALHO (USP)
B1,1516-7429,REVISTA BRASILEIRA DE ADMINISTRAÇÃO PÚBLICA E DE EMPRESAS
A3,1516-9103,GESTÃO & PLANEJAMENTO (SALVADOR)
B2,1516-9537,TRABALHO & EDUCAÇÃO (UFMG)
B1,1517-0128,CADERNOS DE ÉTICA E FILOSOFIA POLÍTICA (USP)
NP,1517-3860,INTELIGÊNCIA EMPRESARIAL (UFRJ)
B1,1517-3879,ORGANIZAÇÕES RURAIS E AGROINDUSTRIAIS (UFLA)
NP,1517-4786,COMUNICADO TÉCNICO (EMBRAPA INSTRUMENTAÇÃO AGROPECUÁRIA)
A4,1517-5901,REVISTA POLÍTICA E TRABALHO
B3,1517-6304,REVISTA DE CIÊNCIAS EMPRESARIAIS DA UNIPAR (IMPRESSO)
NP,1517-8498,DOCUMENTOS - EMBRAPA AGROBIOLOGIA
C,1517-8595,REVISTA BRASILEIRA DE PRODUTOS AGROINDUSTRIAIS
B3,1517-9354,ECONOMIA E DESENVOLVIMENTO (RECIFE)
B2,1517-9427,UNOPAR CIENTÍFICA. CIÊNCIAS JURÍDICAS E EMPRESARIAIS
B4,1518-2711,REVISTA TRIBUTÁRIA E DE FINANÇAS PÚBLICAS
B3,1518-4285,POLÍTICAS SOCIAIS (IPEA)
NP,1518-7446,POLÍTICA DEMOCRÁTICA
A2,1518-952X,DESENVOLVIMENTO E MEIO AMBIENTE (UFPR)
C,1519-0307,CADERNOS DE POS-GRADUACAO EM DISTURBIOS DO DESENVOLVIMENTO
A4,1519-3314,HISTÓRIA ECONÔMICA & HISTÓRIA DE EMPRESAS
B3,1519-4744,REVISTA TURISMO E DESENVOLVIMENTO
A4,1519-549X,REVISTA PSICOLOGIA POLÍTICA (IMPRESSO)
A2,1519-7077,REVISTA CONTABILIDADE & FINANÇAS (IMPRESSO)
A4,1519-9029,POLÍTICA E GESTÃO EDUCACIONAL (ONLINE)
A3,1520-541X,EVOLUTION & DEVELOPMENT
A3,1520-6483,ENVIRONMENTAL QUALITY MANAGEMENT
C,1522-4600,NEXUS NETWORK JOURNAL
A4,1522-7227,INFANT AND CHILD DEVELOPMENT (PRINT)
A1,1523-2409,THE JOURNAL OF SUPPLY CHAIN MANAGEMENT
A4,1524-1904,APPLIED STOCHASTIC MODELS IN BUSINESS AND INDUSTRY (PRINT)
A1,1524-9042,PAIN MANAGEMENT NURSING (PRINT)
A4,1526-4025,APPLIED STOCHASTIC MODELS IN BUSINESS AND INDUSTRY (ONLINE)
A1,1526-498X,PEST MANAGEMENT SCIENCE (PRINT)
A4,1527-0025,JOURNAL OF SPORTS ECONOMICS
A1,1530-9142,REVIEW OF ECONOMICS AND STATISTICS (ONLINE: CATCHWORD LTD.)
A4,1532-4109,"JOURNAL OF ENVIRONMENTAL SCIENCE AND HEALTH. PART B: PESTICIDES, FOOD CONTAMINANTS, AND AGRICULTURAL WASTES"
A1,1534-5807,DEVELOPMENTAL CELL
B1,1534-973X,MARKETING MANAGEMENT JOURNAL
A1,1535-3958,CORPORATE SOCIAL-RESPONSIBILITY AND ENVIRONMENTAL MANAGEMENT
A3,1536-5433,"MANAGEMENT RESEARCH (ARMONK, N.Y.)"
B2,1537-1506,CHINESE BUSINESS REVIEW
B4,1537-1514,USA-CHINA BUSINESS REVIEW. (CHINESE)
A2,1537-2693,"JOURNAL OF AGRICULTURAL, BIOLOGICAL, AND ENVIRONMENTAL STATISTICS (ONLINE)"
B4,1539-3399,ONLINE JOURNAL OF RURAL NURSING AND HEALTH CARE
A2,1540-1405,JOURNAL OF THE NATIONAL COMPREHENSIVE CANCER NETWORK (PRINT)
A2,1540-496X,EMERGING MARKETS FINANCE & TRADE
B1,1540-658X,ASSAY AND DRUG DEVELOPMENT TECHNOLOGIES
C,1541-115X,ACCOUNTING DEPARTMENT MANAGEMENT REPORT
A4,1542-0485,JOURNAL OF AGRICULTURAL & FOOD INDUSTRIAL ORGANIZATION
A2,1542-0973,INTERNATIONAL JOURNAL OF SATELLITE COMMUNICATIONS AND NETWORKING (PRINT)
B1,1542-3166,JOURNAL OF PEACEBUILDING & DEVELOPMENT
B4,1542-8710,JOURNAL OF ACADEMY OF BUSINESS AND ECONOMICS
A4,1543-5075,INTERNATIONAL JOURNAL OF GREEN ENERGY
B1,1543-706X,IN VITRO CELLULAR & DEVELOPMENTAL BIOLOGY. ANIMAL (ONLINE)
NP,1543-8643,ACADEMY OF MANAGEMENT PROCEEDINGS
A3,1544-6123,FINANCE RESEARCH LETTERS (PRINT)
B1,1544-8037,JOURNAL OF INTERNATIONAL BUSINESS AND ECONOMICS
A4,1545-2921,ECONOMICS BULLETIN
A3,1547-3287,STEM CELLS AND DEVELOPMENT
A1,1547-3341,LANGUAGE LEARNING AND DEVELOPMENT
A4,1547-7355,JOURNAL OF HOMELAND SECURITY AND EMERGENCY MANAGEMENT (ONLINE)
A4,1548-0003,INTERNATIONAL JOURNAL OF APPLIED ECONOMICS
B1,1548-0666,INTERNATIONAL JOURNAL OF KNOWLEDGE MANAGEMENT
A2,1550-1329,INTERNATIONAL JOURNAL OF DISTRIBUTED SENSOR NETWORKS
A2,1551-3777,INTEGRATED ENVIRONMENTAL ASSESSMENT AND MANAGEMENT
B1,1551-9899,ADHOC & SENSOR WIRELESS NETWORKS
A3,1552-5007,"JOURNAL OF EXPERIMENTAL ZOOLOGY. PART B, MOLECULAR AND DEVELOPMENTAL EVOLUTION"
NP,1553-5495,JOURNAL OF GLOBAL BUSINESS AND TECHNOLOGY
B4,1553-5827,"THE BUSINESS REVIEW, CAMBRIDGE"
A1,1554-7191,INTERNATIONAL ENTREPRENEURSHIP AND MANAGEMENT JOURNAL
B1,1555-4015,EUROPEAN JOURNAL OF MANAGEMENT
C,1555-5542,"BIOLOGICAL THEORY: INTEGRATING DEVELOPMENT, EVOLUTION & COGNITION"
A2,1555-5879,REVIEW OF LAW & ECONOMICS
A3,1556-1801,NETWORKS AND HETEROGENEOUS MEDIA
B2,1556-7036,"ENERGY SOURCES. PART A, RECOVERY, UTILIZATION, AND ENVIRONMENTAL EFFECTS"
B2,1556-7230,"ENERGY SOURCES, PART A: RECOVERY, UTILIZATION, AND ENVIRONMENTAL EFFECTS"
A4,1556-7249,"ENERGY SOURCES. PART B, ECONOMICS, PLANNING, AND POLICY"
C,1557-4989,AMERICAN JOURNAL OF AGRICULTURAL AND BIOLOGICAL SCIENCES
A3,1557-5330,"COMMUNITY DEVELOPMENT (COLUMBUS, OHIO)"
A1,1557-7821,JOURNAL OF POST KEYNESIAN ECONOMICS (ONLINE)
A2,1559-2448,THE INTERNATIONAL FOOD AND AGRIBUSINESS MANAGEMENT REVIEW (ONLINE)
A4,1560-8530,INTERNATIONAL JOURNAL OF AGRICULTURE AND BIOLOGY
C,1561-0713,THE JOURNAL OF CETACEAN RESEARCH AND MANAGEMENT
A1,1566-113X,NETWORKS AND SPATIAL ECONOMICS
B3,1569-1500,PERSPECTIVES ON GLOBAL DEVELOPMENT AND TECHNOLOGY (PRINT)
A2,1570-646X,ENERGY EFFICIENCY (PRINT)
A2,1570-6478,ENERGY EFFICIENCY (ONLINE)
A1,1570-677X,ECONOMICS AND HUMAN BIOLOGY
A2,1570-8705,AD HOC NETWORKS
B1,1571-5124,INTERNATIONAL JOURNAL OF RIVER BASIN MANAGEMENT
C,1571-6244,URBAN AGRICULTURE MAGAZINE
A2,1572-963X,JOURNAL OF MANAGEMENT AND GOVERNANCE (ONLINE)
A3,1572-9680,AGROFORESTRY SYSTEMS
B1,1572-9974,COMPUTATIONAL ECONOMICS (ONLINE)
A2,1573-0468,JOURNAL OF REGULATORY ECONOMICS (DORDRECHT. ONLINE)
A2,1573-2479,"STRUCTURE & INFRASTRUCTURE ENGINEERING: MAINTENANCE, MANAGEMENT, LIFE-CYCLE DESIGN & PERFORMANCE"
A3,1573-4277,OPTICAL SWITCHING AND NETWORKING (PRINT)
B3,1575-1198,REVISTA ESPANOLA DE ESTUDIOS AGROSOCIALES Y PESQUEROS
A4,1577-239X,RIPS. REVISTA DE INVESTIGACINES POLÍTICAS Y SOCIOLÓGICAS
A3,1582-5949,"ANNALS OF THE UNIVERSITY OF PETROSANI, ECONOMICS"
A4,1582-9596,ENVIRONMENTAL ENGINEERING AND MANAGEMENT JOURNAL (PRINT)
A3,1612-4812,INTERNATIONAL ECONOMICS AND ECONOMIC POLICY
B1,1612-9830,JOURNAL OF AGRICULTURE AND RURAL DEVELOPMENT IN THE TROPICS AND SUBTROPICS (PRINT)
A3,1613-0960,INTERVENTION: EUROPEAN JOURNAL OF ECONOMICS AND ECONOMIC POLICIES
A3,1614-2446,ANNALS OF FINANCE (PRINT)
A2,1618-4742,EUROPEAN SPORT MANAGEMENT QUARTERLY
A1,1618-7598,THE EUROPEAN JOURNAL OF HEALTH ECONOMICS (PRINT)
B1,1645-4464,REVISTA PORTUGUESA E BRASILEIRA DE GESTÃO (LISBOA)
B3,1645-9261,REVISTA TURISMO & DESENVOLVIMENTO (ONLINE)
B1,1646-2408,TOURISM & MANAGEMENT STUDIES
B2,1646-8872,JOURNAL OF INTEGRATED COASTAL ZONE MANAGEMENT
C,1646-9127,REVISTA DE FINANÇAS PÚBLICAS E DIREITO FISCAL
B2,1648-6897,JOURNAL OF ENVIRONMENTAL ENGINEERING AND LANDSCAPE MANAGEMENT (PRINT)
B1,1661-5425,SEXUAL DEVELOPMENT
B4,1662-1387,INTERNATIONAL PUBLIC MANAGEMENT REVIEW
C,1668-4885,POLÍTICAS DE LA MEMORIA
B3,1669-3582,REVISTA ELECTRÓNICA DE PSICOLOGÍA POLÍTICA (EN LÍNEA)
A3,1674-1137,"CHINESE PHYSICS C, HIGH ENERGY PHYSICS AND NUCLEAR PHYSICS"
C,1676-6709,BOLETIM DE PESQUISA E DESENVOLVIMENTO - EMBRAPA AGROBIOLOGIA
B2,1676-8000,RBEE. REVISTA BRASILEIRA DE ECONOMIA DE EMPRESAS
NP,1676-918X,BOLETIM DE PESQUISA E DESENVOLVIMENTO (EMBRAPA CERRADOS)
C,1676-9732,REVISTA DE CIÊNCIAS AGROVETERINÁRIAS (UDESC)
B4,1677-0293,REVISTA CIENTÍFICA ELETRÔNICA DE AGRONOMIA
C,1677-1915,DOCUMENTOS - EMBRAPA AGROINDÚSTRIA TROPICAL
A4,1677-2504,REVISTA BRASILEIRA DE INOVAÇÃO
B1,1677-4140,POLÍTICA & SOCIEDADE (IMPRESSO)
C,1677-6062,REVISTA DE CIÊNCIAS AGRO-AMBIENTAIS (ONLINE)
NP,1677-891X,BOLETIM DE PESQUISA E DESENVOLVIMENTO (EMBRAPA PECUÁRIA SUDESTE. IMPRESSO)
A3,1677-9479,REVISTA GESTÃO & TECNOLOGIA
B4,1677-9762,REVISTA GESTÃO E CONHECIMENTO
C,1678-0892,BOLETIM DE PESQUISA E DESENVOLVIMENTO (EMBRAPA SOLOS. ONLINE)
A2,1678-166X,REVISTA BRASILEIRA DE POLÍTICA E ADMINISTRAÇÃO DA EDUCAÇÃO
C,1678-2518,BOLETIM DE PESQUISA E DESENVOLVIMENTO (EMBRAPA CLIMA TEMPERADO. IMPRESSO)
A4,1678-3921,PESQUISA AGROPECUÁRIA BRASILEIRA (ONLINE)
B4,1678-4057,REVISTA DE POLÍTICAS PÚBLICAS E GESTÃO GOVERNAMENTAL
A4,1678-4855,REVISTA DESENVOLVIMENTO EM QUESTÃO
C,1678-9601,BOLETIM DE PESQUISA E DESENVOLVIMENTO (CENTRO NACIONAL DE PESQUISA DE ARROZ E FEIJÃO. ONLINE)
A2,1678-992X,SCIENTIA AGRICOLA
B4,1679-043X,DOCUMENTOS. EMBRAPA AGROPECUÁRIA OESTE
A3,1679-0731,REVISTA BRASILEIRA DE FINANÇAS (IMPRESSO)
B2,1679-1614,REVISTA DE ECONOMIA E AGRONEGÓCIO
B1,1679-1827,GESTÃO.ORG
B4,1679-4435,REVISTA BRASILEIRA DE MEDICINA DO TRABALHO
C,1679-5938,POLÍTICA ECONÔMICA EM FOCO
C,1679-6535,COMUNICADO TÉCNICO (EMBRAPA AGROINDÚSTRIA TROPICAL. ONLINE)
C,1679-6543,BOLETIM DE PESQUISA E DESENVOLVIMENTO (EMBRAPA AGROINDÚSTRIA TROPICAL. ONLINE)
B4,1679-723X,FFBUSINESS
C,1679-8171,BRAZILIAN JOURNAL OF OPERATIONS AND PRODUCTION MANAGEMENT
A4,1679-9275,ACTA SCIENTIARUM. AGRONOMY (IMPRESSO)
A3,1680-7073,JOURNAL OF AGRICULTURAL SCIENCE AND TECHNOLOGY
B4,1681-8997,THE EMPIRICAL ECONOMICS LETTERS
A3,1687-1499,EURASIP JOURNAL ON WIRELESS COMMUNICATIONS AND NETWORKING
B1,1687-7357,ADVANCES IN HIGH ENERGY PHYSICS
B1,1687-8159,INTERNATIONAL JOURNAL OF AGRONOMY
C,1688-7840,CRÍTICA CONTEMPORÁNEA. REVISTA DE TEORÍA POLÍTICA
A4,1695-971X,SPANISH JOURNAL OF AGRICULTURAL RESEARCH
B3,1698-7950,"UNIVERSITAS. REVISTA DE FILOSOFÍA, DERECHO Y POLÍTICA"
B2,1699-9495,PECUNIA. REVISTA DE LA FACULTAD DE CIENCIAS ECONÓMICAS Y EMPRESARIALES
C,1729-7427,RUSSIAN MANAGEMENT JOURNAL
B1,1740-0562,INTERNATIONAL JOURNAL OF HIGH PERFORMANCE COMPUTING AND NETWORKING (PRINT)
A4,1740-0597,INTERNATIONAL JOURNAL OF BUSINESS ENVIRONMENT (ONLINE)
A2,1740-4754,EUROPEAN MANAGEMENT REVIEW
A3,1740-8830,INTERNATIONAL JOURNAL OF INNOVATION AND SUSTAINABLE DEVELOPMENT
A2,1741-038X,JOURNAL OF MANUFACTURING TECHNOLOGY MANAGEMENT
A1,1741-0398,JOURNAL OF ENTERPRISE INFORMATION MANAGEMENT
A2,1741-0401,THE INTERNATIONAL JOURNAL OF PRODUCTIVITY AND PERFORMANCE MANAGEMENT
A4,1741-2234,"WORLD REVIEW OF SCIENCE, TECHNOLOGY AND SUSTAINABLE DEVELOPMENT"
A3,1741-5098,INTERNATIONAL JOURNAL OF ENTREPRENEURSHIP AND INNOVATION MANAGEMENT (ONLINE)
A4,1741-5179,INTERNATIONAL JOURNAL OF INFORMATION TECHNOLOGY AND MANAGEMENT (ONLINE)
A3,1741-5292,"INTERNATIONAL JOURNAL OF TECHNOLOGY, POLICY AND MANAGEMENT"
B4,1741-5381,INTERNATIONAL JOURNAL OF LOGISTICS ECONOMICS AND GLOBALISATION
B3,1741-6361,"INTERNATIONAL JOURNAL OF NUCLEAR ENERGY, SCIENCE AND TECHNOLOGY (PRINT)"
B3,1741-637X,"INTERNATIONAL JOURNAL OF NUCLEAR ENERGY, SCIENCE AND TECHNOLOGY (ONLINE)"
B2,1741-7589,WATER MANAGEMENT
A3,1741-8127,INTERNATIONAL JOURNAL OF MANAGEMENT AND ENTERPRISE DEVELOPMENT (ONLINE)
B1,1741-8763,INTERNATIONAL JOURNAL OF BUSINESS PROCESS INTEGRATION AND MANAGEMENT (PRINT)
B1,1741-8771,INTERNATIONAL JOURNAL OF BUSINESS PROCESS INTEGRATION AND MANAGEMENT (ONLINE)
A1,1741-9182,INTERNATIONAL JOURNAL OF AGILE SYSTEMS AND MANAGEMENT
A2,1742-1705,RENEWABLE AGRICULTURE AND FOOD SYSTEMS (PRINT)
A3,1742-2043,CRITICAL PERSPECTIVES ON INTERNATIONAL BUSINESS
A4,1742-7967,INTERNATIONAL JOURNAL OF LOGISTICS SYSTEMS AND MANAGEMENT (PRINT)
A4,1742-7975,INTERNATIONAL JOURNAL OF LOGISTICS SYSTEMS AND MANAGEMENT
B3,1743-1026,OUTLOOKS ON PEST MANAGEMENT (PRINT)
B3,1743-1034,OUTLOOKS ON PEST MANAGEMENT
A4,1743-5110,INTERNATIONAL JOURNAL OF PRODUCT LIFECYCLE MANAGEMENT (PRINT)
B2,1743-761X,INTERNATIONAL JOURNAL OF SUSTAINABLE DEVELOPMENT AND PLANNING (ONLINE)
A3,1743-8187,INTERNATIONAL JOURNAL OF BUSINESS INTELLIGENCE AND DATA MINING
A1,1743-8276,INTERNATIONAL JOURNAL OF KNOWLEDGE MANAGEMENT STUDIES (ONLINE)
A3,1743-9132,INTERNATIONAL JOURNAL OF MANAGERIAL FINANCE
A1,1743-9671,JOURNAL OF THE ENERGY INSTITUTE (PRINT)
A3,1744-2370,INTERNATIONAL JOURNAL OF SERVICES AND OPERATIONS MANAGEMENT (PRINT)
A3,1744-2389,INTERNATIONAL JOURNAL OF SERVICES AND OPERATIONS MANAGEMENT
B4,1744-6635,INTERNATIONAL JOURNAL OF BUSINESS FORECASTING AND MARKETING INTELLIGENCE
A3,1744-9359,MANAGEMENT & ORGANIZATIONAL HISTORY (PRINT)
A1,1745-2007,ARCHITECTURAL ENGINEERING AND DESIGN MANAGEMENT
A4,1746-0972,INTERNATIONAL JOURNAL OF BUSINESS INFORMATION SYSTEMS (PRINT)
A4,1746-5648,QUALITATIVE RESEARCH IN ORGANIZATIONS AND MANAGEMENT (PRINT)
A3,1746-5664,JOURNAL OF MODELLING IN MANAGEMENT (PRINT)
A3,1746-6474,INTERNATIONAL JOURNAL OF PRODUCTIVITY AND QUALITY MANAGEMENT
B3,1747-6526,PROCEEDINGS OF THE INSTITUTION OF CIVIL ENGINEERS. WASTE AND RESOURCE MANAGEMENT (PRINT)
B1,1748-1279,INTERNATIONAL JOURNAL OF SENSOR NETWORKS
B4,1748-8133,WORLD SUSTAINABLE DEVELOPMENT OUTLOOK SERIES
B1,1749-8848,"PERSPECTIVES IN AGRICULTURE, VETERINARY SCIENCE, NUTRITION AND NATURAL RESOURCES"
A3,1749-9518,GEORISK: ASSESSMENT AND MANAGEMENT OF RISK FOR ENGINEERED SYSTEMS AND GEOHAZARDS
A1,1750-0680,CARBON BALANCE AND MANAGEMENT
C,1750-1938,JOURNAL OF AIRPORT MANAGEMENT
A4,1750-3868,INTERNATIONAL JOURNAL OF MANAGEMENT IN EDUCATION
A3,1750-6220,INTERNATIONAL JOURNAL OF ENERGY SECTOR MANAGEMENT (PRINT)
A1,1750-8592,CHILD DEVELOPMENT PERSPECTIVES
A3,1751-0252,INTERNATIONAL JOURNAL OF BUSINESS INNOVATION AND RESEARCH (PRINT)
A3,1751-0260,INTERNATIONAL JOURNAL OF BUSINESS INNOVATION AND RESEARCH (ONLINE)
B1,1751-1062,INTERNATIONAL JOURNAL OF WINE BUSINESS RESEARCH (PRINT)
B3,1751-2018,INTERNATIONAL JOURNAL OF BUSINESS AND SYSTEMS RESEARCH (ONLINE)
A4,1751-4231,PROCEEDINGS OF THE INSTITUTION OF CIVIL ENGINEERS. ENERGY (ONLINE)
B2,1751-7729,PROCEEDINGS OF ICE. WATER MANAGEMENT (ONLINE)
A4,1751-8423,DEVELOPMENTAL NEUROREHABILITATION
A3,1752-0479,INTERNATIONAL JOURNAL OF MONETARY ECONOMICS AND FINANCE (PRINT)
B4,1752-8224,INTERNATIONAL JOURNAL OF ACCOUNTING AND FINANCE (PRINT)
A3,1753-0296,INTERNATIONAL JOURNAL OF BUSINESS SCIENCE AND APPLIED MANAGEMENT
B4,1753-0660,INTERNATIONAL JOURNAL OF INNOVATION AND REGIONAL DEVELOPMENT
A2,1753-318X,JOURNAL OF FLOOD RISK MANAGEMENT
A3,1753-3627,INTERNATIONAL JOURNAL OF BUSINESS AND GLOBALISATION
B2,1753-6227,INTERNATIONAL JOURNAL OF BUSINESS AND EMERGING MARKETS
B4,1753-7169,"INTERNATIONAL JOURNAL OF DECISION SCIENCES, RISK AND MANAGEMENT"
A2,1753-8378,INTERNATIONAL JOURNAL OF MANAGING PROJECTS IN BUSINESS (PRINT)
A3,1753-8432,INTERNATIONAL JOURNAL OF PROCUREMENT MANAGEMENT
B1,1754-9957,JOURNAL OF WORLD ENERGY LAW AND BUSINESS (PRINT)
B4,1755-0084,RENEWABLE ENERGY FOCUS
A3,1755-425X,JOURNAL OF STRATEGY AND MANAGEMENT
A3,1756-0047,INTERNATIONAL JOURNAL OF BUSINESS EXCELLENCE (PRINT)
A3,1756-0055,INTERNATIONAL JOURNAL OF BUSINESS EXCELLENCE (ONLINE)
B1,1756-5278,INTERNATIONAL JOURNAL OF DEVELOPMENT EDUCATION AND GLOBAL LEARNING (ONLINE)
A1,1756-5537,CLIMATE AND DEVELOPMENT
A3,1756-8692,INTERNATIONAL JOURNAL OF CLIMATE CHANGE STRATEGIES AND MANAGEMENT
B3,1756-9850,INTERNATIONAL JOURNAL OF ECONOMICS AND BUSINESS RESEARCH
A1,1757-1693,GLOBAL CHANGE BIOLOGY. BIOENERGY
A4,1757-4323,ASIA-PACIFIC JOURNAL OF BUSINESS ADMINISTRATION
A1,1757-5818,JOURNAL OF SERVICE MANAGEMENT (PRINT)
A1,1757-7780,WILEY INTERDISCIPLINARY REVIEWS - CLIMATE CHANGE
A3,1758-1869,PAIN MANAGEMENT
A2,1758-3004,CARBON MANAGEMENT
A1,1758-6798,NATURE CLIMATE CHANGE
B3,1759-1163,"INTERNATIONAL JOURNAL OF DATA MINING, MODELLING AND MANAGEMENT"
A4,1759-5673,INTERNATIONAL JOURNAL OF EDUCATION ECONOMICS AND DEVELOPMENT
A1,1759-7331,QUANTITATIVE ECONOMICS
A1,1774-0746,AGRONOMY FOR SUSTAINABLE DEVELOPMENT
B1,1777-5949,CAHIERS AGRICULTURES
B1,1780-4507,"BIOTECHNOLOGY, AGRONOMY AND SOCIETY AND ENVIRONMENT"
B1,1790-5079,WSEAS TRANSACTIONS ON ENVIRONMENT AND DEVELOPMENT
B4,1792-6599,JOURNAL OF APPLIED FINANCE & BANKING (ONLINE)
A4,1793-6322,INTERNATIONAL JOURNAL OF THEORETICAL AND APPLIED FINANCE (ONLINE)
A3,1793-6950,INTERNATIONAL JOURNAL OF INNOVATION AND TECHNOLOGY MANAGEMENT
A4,1793-8171,MIDDLE EAST DEVELOPMENT JOURNAL
A4,1793-821X,JOURNAL OF CLEAN ENERGY TECHNOLOGIES
A4,1796-2056,JOURNAL OF NETWORKS
A3,1804-1930,AGRIS ON-LINE PAPERS IN ECONOMICS AND INFORMATICS
A4,1806-2261,CADERNOS GESTÃO PÚBLICA E CIDADANIA
A3,1806-4892,REVISTA BRASILEIRA DE GESTÃO DE NEGÓCIOS (SÃO PAULO. IMPRESSO)
A4,1806-6690,REVISTA CIÊNCIA AGRONÔMICA (UFC. ONLINE)
A3,1806-6720,RGO. REVISTA DE GESTÃO ORGANIZACIONAL (UNOCHAPECÓ. IMPRESSO)
NP,1806-8944,CADERNOS DE FINANÇAS PÚBLICAS
B1,1806-910X,REVISTA DIREITO EMPRESARIAL (CURITIBA)
A3,1806-9479,REVISTA DE ECONOMIA E SOCIOLOGIA RURAL (ONLINE)
B2,1806-9649,GESTÃO & PRODUÇÃO
B4,1807-1570,AGRIANUAL (SÃO PAULO)
B1,1807-1775,REVISTA DE GESTÃO DA TECNOLOGIA E SISTEMAS DE INFORMAÇÃO (ONLINE)
B4,1807-2674,REVISTA DE ECONOMIA POLÍTICA E HISTÓRIA ECONÔMICA
C,1807-491X,REVISTA AGRICULTURAS (IMPRESSO)
B1,1807-5436,GESTÃO E DESENVOLVIMENTO (PRINT)
C,1807-5908,SUSTAINABLE BUSINESS INTERNATIONAL JOURNAL
A2,1807-734X,BBR. BRAZILIAN BUSINESS REVIEW (EDIÇÃO EM PORTUGUÊS. ONLINE)
C,1808-0448,REVISTA GESTÃO INDUSTRIAL (ONLINE)
A3,1808-5792,GESTÃO E REGIONALIDADE
C,1808-6845,AGROPECUÁRIA CIENTÍFICA NO SEMI-ÁRIDO
B2,1808-799X,TRABALHO NECESSÁRIO
B4,1808-8759,ENERGIA NA AGRICULTURA
NP,1808-9968,BOLETIM DE PESQUISA E DESENVOLVIMENTO (EMBRAPA SEMI-ÁRIDO)
B3,1809-0214,GESTÃO CONTEMPORÂNEA (FAPA)
A2,1809-2039,RAI : REVISTA DE ADMINISTRAÇÃO E INOVAÇÃO
A3,1809-2276,REGE. REVISTA DE GESTÃO USP
A1,1809-239X,REVISTA BRASILEIRA DE GESTÃO E DESENVOLVIMENTO REGIONAL
B3,1809-2489,CAP ACCOUNTING AND MANAGEMENT (UFSC)
A1,1809-4465,ENSAIO - AVALIAÇÃO E POLÍTICAS PÚBLICAS EM EDUCAÇÃO
A3,1809-4538,REVISTA DE ECONOMIA POLÍTICA (ONLINE)
NP,1809-5003,BOLETIM DE PESQUISA E DESENVOLVIMENTO (EMBRAPA MANDIOCA E FRUTICULTURA TROPICAL. ONLINE)
A4,1809-564X,COMUNICAÇÃO & INOVAÇÃO
B4,1809-6670,GOVERNET. BOLETIM DO ORÇAMENTO E FINANÇAS
A4,1810-4967,INVESTMENT MANAGEMENT & FINANCIAL INNOVATIONS (PRINT)
B2,1812-5379,JOURNAL OF AGRONOMY (PRINT)
A1,1814-9324,CLIMATE OF THE PAST (PRINT)
B3,1814-9340,CLIMATE OF THE PAST DISCUSSIONS (PRINT)
A4,1814-9596,INTERNATIONAL JOURNAL OF AGRICULTURE & BIOLOGY (ONLINE)
C,1815-7440,JOURNAL OF CONTEMPORARY MANAGEMENT
C,1818-6769,AMERICAN-EURASIAN JOURNAL OF AGRICULTURAL & ENVIRONMENTAL SCIENCES
B1,1822-4202,BUSINESS: THEORY AND PRACTICE (ONLINE)
B1,1833-3850,INTERNATIONAL JOURNAL OF BUSINESS AND MANAGEMENT
A3,1838-6318,HISTORY OF ECONOMICS REVIEW
A4,1842-4309,NOTULAE BOTANICAE HORTI AGROBOTANICI CLUJ-NAPOCA (ONLINE)
C,1847-5450,"ORGANIZATION, TECHNOLOGY & MANAGEMENT IN CONSTRUCTION"
A4,1847-9790,INTERNATIONAL JOURNAL OF ENGINEERING BUSINESS MANAGEMENT
C,1848-9257,"JOURNAL OF SUSTAINABLE DEVELOPMENT OF ENERGY, WATER AND ENVIRONMENT SYSTEMS"
B4,1849-5664,INTERNATIONAL JOURNAL OF MANAGEMENT SCIENCE AND BUSINESS ADMINISTRATION
B3,1852-5784,ANUARIO CEEED - CENTRO DE ESTUDIOS ECONÓMICOS DE LA EMPRESA Y EL DESARROLLO
B2,1853-7723,POLHIS. REVISTA BIBLIOGRÁFICA DEL PROGRAMA INTERUNIVERSITARIO DE HISTORIA POLÍTICA
B4,1857-8721,JOURNAL OF APPLIED ECONOMICS AND BUSINESS
B1,1862-9679,MATHEMATICS AND FINANCIAL ECONOMICS
A4,1864-6042,ECONOMICS. JOURNAL ARTICLES
B1,1865-1348,LECTURE NOTES IN BUSINESS INFORMATION PROCESSING
A3,1868-3975,ENERGY SYSTEMS
A2,1869-5469,SOCIAL NETWORK ANALYSIS AND MINING
B3,1870-0462,TROPICAL AND SUBTROPICAL AGROECOSYSTEMS
B4,1874-3315,THE OPEN AGRICULTURE JOURNAL
C,1876-1429,"RECENT PATENTS ON FOOD, NUTRITION & AGRICULTURE"
A3,1876-6102,ENERGY PROCEDIA
A2,1878-7789,NANO COMMUNICATION NETWORKS
A2,1878-8181,BIOCATALYSIS AND AGRICULTURAL BIOTECHNOLOGY
A4,1879-4238,ORGANIC AGRICULTURE
A2,1879-9337,REVIEW OF DEVELOPMENT FINANCE
A4,1881-8366,"ENGINEERING IN AGRICULTURE, ENVIRONMENT AND FOOD"
C,1887-9292,AGRICULTURA FAMILIAR EN ESPAÑA
B4,1889-0776,TIERRAS DE CASTILLA Y LEÓN - AGRICULTURA
B3,1898-2263,ANNALS OF AGRICULTURAL AND ENVIRONMENTAL MEDICINE
C,1909-9959,BIOTECNOLOGÍA EN EL SECTOR AGROPECUARIO Y AGROINDUSTRIAL
C,1911-8066,JOURNAL OF RISK AND FINANCIAL MANAGEMENT (VERSÃO IMPRESSA)
C,1911-8074,JOURNAL OF RISK AND FINANCIAL MANAGEMENT (VERSÃO DIGITAL)
A4,1913-3715,"INTERNATIONAL JOURNAL OF COMMUNICATIONS, NETWORK AND SYSTEM SCIENCES"
C,1913-9004,INTERNATIONAL BUSINESS RESEARCH
A2,1913-9063,JOURNAL OF SUSTAINABLE DEVELOPMENT (IMPRESSO)
A2,1913-9071,JOURNAL OF SUSTAINABLE DEVELOPMENT
B1,1916-971X,INTERNATIONAL JOURNAL OF ECONOMICS AND FINANCE
B4,1916-9760,JOURNAL OF AGRICULTURAL SCIENCE
A1,1923-4015,INTERNATIONAL JOURNAL OF BUSINESS ADMINISTRATION
C,1923-7324,JOURNAL OF UBIQUITOUS SYSTEMS AND PERVASIVE NETWORKS (PRINT)
C,1923-7332,NTERNATIONAL JOURNAL OF UBIQUITOUS SYSTEMS AND PERVASIVE NETWORKS
B1,1923-7529,REVIEW OF ECONOMICS AND FINANCE
B1,1923-8401,REVIEW OF ECONOMICS & FINANCE
A2,1925-4733,JOURNAL OF MANAGEMENT AND SUSTAINABILITY
B1,1927-0321,TECHNOLOGY INNOVATION MANAGEMENT REVIEW
B4,1927-050X,SUSTAINABLE AGRICULTURE RESEARCH
C,1927-7326,ENGINEERING MANAGEMENT RESEARCH (ONLINE)
C,1929-6002,JOURNAL OF TECHNOLOGY INNOVATIONS IN RENEWABLE ENERGY
A1,1932-4537,IEEE ETRANSACTIONS ON NETWORK AND SERVICE MANAGEMENT
A3,1932-846X,DEVELOPMENTAL NEUROBIOLOGY
B4,1934-8037,RUSSIAN AGRICULTURAL SCIENCES
C,1934-8975,JOURNAL OF ENERGY AND POWER ENGINEERING
A4,1936-6442,PEER-TO-PEER NETWORKING AND APPLICATIONS (PRINT)
A4,1939-0122,SECURITY AND COMMUNICATION NETWORKS
A1,1939-1234,BIOENERGY RESEARCH
C,1939-1250,JOURNAL OF AGRICULTURAL SCIENCE AND TECHNOLOGY B (USA. PRINT)
B1,1939-6104,ACADEMY OF STRATEGIC MANAGEMENT JOURNAL
A3,1940-5979,REVIEW OF BEHAVIORAL FINANCE
B1,1941-7012,JOURNAL OF RENEWABLE AND SUSTAINABLE ENERGY
B1,1941-899X,JOURNAL OF MANAGEMENT RESEARCH
C,1942-2644,THE INTERNATIONAL JOURNAL ON ADVANCES IN NETWORKS AND SERVICES
A4,1942-7905,POPULATION HEALTH MANAGEMENT
A1,1943-0620,JOURNAL OF OPTICAL COMMUNICATIONS AND NETWORKING (PRINT)
C,1943-3581,INTERNATIONAL JOURNAL NETWORK PROTOCOLS AND ALGORITHMS
A4,1943-3867,THE LAW AND DEVELOPMENT REVIEW
A2,1943-4308,EVENT MANAGEMENT (ONLINE)
A2,1944-7442,ENVIRONMENTAL PROGRESS & SUSTAINABLE ENERGY (PRINT)
A2,1944-7450,ENVIONMETAL PROGRESS & SUSTAINABLE ENERGY
A1,1945-7669,AMERICAN ECONOMIC JOURNAL: MICROECONOMICS
A1,1945-7782,AMERICAN ECONOMIC JOURNAL: APPLIED ECONOMICS
A2,1946-3138,INTERNATIONAL JOURNAL OF URBAN SUSTAINABLE DEVELOPMENT
B2,1947-3192,INTERNATIONAL JOURNAL OF AGRICULTURAL AND ENVIRONMENTAL INFORMATION SYSTEMS
C,1947-3818,ENERGY AND POWER ENGINEERING
B1,1947-5667,GLOBAL BUSINESS AND MANAGEMENT RESEARCH
A4,1947-7988,JOURNAL OF PHOTONICS FOR ENERGY
A1,1947-8402,INTERNATIONAL JOURNAL OF SOCIAL ECOLOGY AND SUSTAINABLE DEVELOPMENT
A1,1948-8327,"WEATHER, CLIMATE AND SOCIETY"
A1,1949-3029,IEEE TRANSACTIONS ON SUSTAINABLE ENERGY
C,1958-5853,INNOVATIONS AGRONOMIQUES
B4,1980-0258,ANAIS DA ACADEMIA PERNAMBUCANA DE CIÊNCIA AGRONÔMICA
C,1980-0711,ANÁLISES E INDICADORES DO AGRONEGÓCIO
B2,1980-1378,REVISTA INOVAÇÃO (FAPEMA)
A3,1980-2447,BRAZILIAN REVIEW OF ECONOMETRICS
B2,1980-5160,S & G. SISTEMAS & GESTÃO
B1,1980-5756,GESTÃO E SOCIEDADE
B1,1980-6965,REVISTA ACADÊMICA OBSERVATÓRIO DE INOVAÇÃO DO TURISMO
A4,1980-7791,REVISTA ELETRÔNICA DIREITO E POLÍTICA
A3,1981-1543,GESTÃO & TECNOLOGIA DE PROJETOS
C,1981-1551,SOCIEDADE E DESENVOLVIMENTO RURAL
A3,1981-1829,CIÊNCIA E AGROTECNOLOGIA (ONLINE)
A3,1981-1969,JORNAL DE POLÍTICAS EDUCACIONAIS
B4,1981-2221,REVISTA BRASILEIRA DE DIREITO TRIBUTÁRIO E FINANÇAS PÚBLICAS
B4,1981-3686,REVISTA BRASILEIRA DE TECNOLOGIA AGROINDUSTRIAL
B3,1981-4127,REVISTA ELETRÔNICA AMBIENTE: GESTÃO E DESENVOLVIMENTO
B3,1981-6278,RECIIS-REVISTA ELETRÔNICA DE COM. INFORMAÇÃO & INOVAÇÃO EM SAÚDE
B2,1981-7746,"TRABALHO, EDUCAÇÃO E SAÚDE (ONLINE)"
B4,1981-8203,REVISTA VERDE DE AGROECOLOGIA E DESENVOLVIMENTO SUSTENTÁVEL
NP,1981-9803,P&D: REVISTA PESQUISA E DESENVOLVIMENTO DA ANEEL
A3,1981-982X,REVISTA DE GESTÃO SOCIAL E AMBIENTAL (RGSA)
A4,1981-9951,RAMA : REVISTA EM AGRONEGÓCIO E MEIO AMBIENTE
B4,1981-996X,"SEMIOSES: INOVAÇÃO, DESENVOLVIMENTO E SUSTENTABILIDADE"
B3,1982-1115,REVISTA DE CIÊNCIAS EMPRESARIAIS DA UNIPAR
B2,1982-1785,RVISTA ELETRÔNICA GESTÃO& SAÚDE
A4,1982-2537,REVISTA DA MICRO E PEQUENA EMPRESA (FACCAMP)
C,1982-2871,TECNOLOGIA & CIÊNCIA AGROPECUÁRIA
B3,1982-3207,POLÍTICAS EDUCATIVAS
B4,1982-4092,REVISTA DE GESTÃO PÚBLICA/DF
B2,1982-4289,"PERSEU: HISTÓRIA, MEMÓRIA E POLÍTICA"
B3,1982-4785,REVISTA ELETRÔNICA GESTÃO & SAÚDE
A3,1982-6745,REDES REVISTA DO DESENVOLVIMENTO REGIONAL
A3,1982-7342,"SOCIEDADE, CONTABILIDADE E GESTÃO (UFRJ)"
B4,1982-7679,REVISTA BRASILEIRA DE AGRICULTURA IRRIGADA
B4,1982-8470,AGRO@MBIENTE ON-LINE
B4,1982-8608,REVISTA DESENVOLVIMENTO SOCIAL
B4,1982-9884,ESTUDOS DO TRABALHO
NP,1983-0483,BOLETIM DE PESQUISA E DESENVOLVIMENTO (EMBRAPA AMAZÔNIA ORIENTAL. ONLINE)
A1,1983-3121,REVISTA BRASILEIRA DE POLÍTICA INTERNACIONAL (ONLINE)
B3,1983-3717,POLÍTICAS CULTURAIS EM REVISTA
B3,1983-3733,PERSPECTIVAS EM POLÍTICAS PÚBLICAS
B2,1983-4063,PESQUISA AGROPECUÁRIA TROPICAL (ONLINE)
B1,1983-4535,REVISTA GESTÃO UNIVERSITÁRIA NA AMÉRICA LATINA - GUAL
B1,1983-5205,RAHIS. REVISTA DE ADMINISTRAÇÃO HOSPITALAR E INOVAÇÃO EM SAÚDE
B1,1983-5264,RSDE. REVISTA SEMESTRAL DE DIREITO EMPRESARIAL
C,1983-6325,PESQUISA APLICADA & AGROTECNOLOGIA (IMPRESSO)
B4,1983-8166,REBAP - REVISTA BRASILEIRA DE ADMINISTRAÇÃO POLÍTICA
C,1984-0756,ECONOMIA POLÍTICA DO DESENVOLVIMENTO
C,1984-2430,"GEPROS GESTÃO DA PRODUÇÃO, OPERAÇÕES E SISTEMAS"
A2,1984-2503,PASSAGENS: REVISTA INTERNACIONAL DE HISTÓRIA POLÍTICA E CULTURA JURÍDICA
B1,1984-3046,JOSCM. JOURNAL OF OPERATIONS AND SUPPLY CHAIN MANAGEMENT
C,1984-3097,GESTÃO UNIVERSITÁRIA
C,1984-3534,PESQUISA OPERACIONAL PARA O DESENVOLVIMENTO
A3,1984-3925,"CONTABILIDADE, GESTÃO E GOVERNANÇA"
C,1984-4123,BIBLIOTECA DIGITAL FÓRUM DE CONTRATAÇÃO E GESTÃO PÚBLICA (ONLINE)
B2,1984-4271,REVISTA CIÊNCIA & DESENVOLVIMENTO
B4,1984-428X,REVISTA AGROGEOAMBIENTAL
A4,1984-6606,REVISTA ECONOMIA & GESTÃO
A2,1984-6657,REVISTA PSICOLOGIA: ORGANIZAÇÕES E TRABALHO
B3,1984-7297,REVISTA GESTÃO EM ANÁLISE
C,1984-8153,REVISTA GESTÃO & SAÚDE (CURITIBA)
A3,1984-9222,REVISTA MUNDOS DO TRABALHO
NP,1984-9354,VIII CONGRESSO NACIONAL DE EXCELÊNCIA EM GESTÃO
B2,1984-9648,JOURNAL OF AEROSPACE TECHNOLOGY AND MANAGEMENT (IMPRESSO)
C,1984-9915,AMBIENTALE REVISTA DE PÓS-GRADUAÇÃO EM GESTÃO AMBIENTAL
B2,1989-4686,AGROECOLOGÍA
A3,1989-8649,MANAGEMENT OF BIOLOGICAL INVASIONS
C,1991-637X,AFRICAN JOURNAL OF AGRICULTURAL RESEARCH
A1,1991-9603,GEOSCIENTIFIC MODEL DEVELOPMENT
C,1991-962X,GEOSCIENTIFIC MODEL DEVELOPMENT DISCUSSIONS
B4,1993-3738,AFRICAN JOURNAL OF AGRICULTURAL AND RESOURCE ECONOMICS
A4,1993-5250,INTERNATIONAL BUSINESS MANAGEMENT
C,1993-8233,AFRICAN JOURNAL OF BUSINESS MANAGEMENT
B3,1996-9198,PONTES: INFORMAÇÕES E ANÁLISES SOBRE COMÉRCIO E DESENVOLVIMENTO SUSTENTÁVEL
A3,2001-015X,JOURNAL OF INTELLIGENCE STUDIES IN BUSINESS
C,2002-6145,SUSTAINABLE RESOUCES MANAGEMENT JOURNAL
B4,2007-901X,ECOSISTEMAS Y RECURSOS AGROPECUARIOS
A2,2008-9163,INTERNATIONAL JOURNAL OF ENERGY AND ENVIRONMENTAL ENGINEERING
A2,2010-0086,CLIMATE CHANGE ECONOMICS
C,2010-0264,INTERNATIONAL JOURNAL OF ENVIRONMENTAL SCIENCE AND DEVELOPMENT
B4,2010-3654,"INTERNATIONAL JOURNAL OF E-EDUCATION, E-BUSINESS, E-MANAGEMENT AND E-LEARNING (IJEEEE)"
A4,2010-4626,INTERNATIONAL PROCEEDINGS OF ECONOMICS DEVELOPMENT AND RESEARCH
A4,2010-4960,ANNALS OF FINANCIAL ECONOMICS
A3,2013-0953,JOURNAL OF INDUSTRIAL ENGINEERING AND MANAGEMENT
C,2026-6073,AGRICULTURAL SCIENCE RESEARCH JOURNAL
A3,2027-7458,ANALECTA POLÍTICA
A1,2029-4913,TECHNOLOGICAL AND ECONOMIC DEVELOPMENT OF ECONOMY
B3,2032-5355,JOURNAL OF INNOVATION ECONOMICS
B4,2033-7469,JOURNAL OF ENERGY HISTORY
A2,2036-5195,"ALMATOURISM - JOURNAL OF TOURISM, CULTURE AND TERRITORIAL DEVELOPMENT"
A4,2040-0705,AFRICAN JOURNAL OF ECONOMIC AND MANAGEMENT STUDIES (IMPRESSO)
A3,2040-1752,JOURNAL OF DEVELOPMENTAL ORIGINS OF HEALTH AND DISEASE
B1,2040-2244,JOURNAL OF WATER AND CLIMATE CHANGE
A2,2040-4476,INTERNATIONAL JOURNAL OF KNOWLEDGE-BASED DEVELOPMENT (ONLINE)
B1,2040-8277,MANAGEMENT RESEARCH REVIEW
A2,2041-8396,WILEY INTERDISCIPLINARY REVIEWS: ENERGY AND ENVIRONMENT
A2,2042-5945,"WORLD JOURNAL OF SCIENCE, TECHNOLOGY AND SUSTAINABLE DEVELOPMENT"
C,2042-5961,"WORLD JOURNAL OF ENTREPRENEURSHIP, MANAGEMENT AND SUSTAINABLE DEVELOPMENT"
A4,2043-9083,"JOURNAL OF WATER, SANITATION AND HYGIENE FOR DEVELOPMENT"
A4,2044-0839,JOURNAL OF AGRIBUSINESS IN DEVELOPING AND EMERGING ECONOMIES
A3,2044-124X,BUILT ENVIRONMENT PROJECT AND ASSET MANAGEMENT
A3,2044-1266,JOURNAL OF CULTURAL HERITAGE MANAGEMENT AND SUSTAINABLE DEVELOPMENT
A2,2046-9012,EUROPEAN JOURNAL OF TRAINING AND DEVELOPMENT
A3,2047-0398,BUSINESS MANAGEMENT REVIEW (BMR)
B2,2047-2528,ASIAN JOURNAL OF BUSINESS AND MANAGEMENT SCIENCES
B4,2047-3710,INTERNATIONAL JOURNAL OF AGRICULTURAL MANAGEMENT
B2,2047-3869,INTERNATIONAL JOURNAL OF DEVELOPMENTAL DISABILITIES
C,2047-7031,BUSINESS MANAGEMENT DYNAMICS
A1,2048-3694,FOOD AND ENERGY SECURITY
A3,2048-7010,AGRICULTURE & FOOD SECURITY
C,2049-2804,INTERNATIONAL JOURNAL OF HAPPINESS AND DEVELOPMENT
A3,2049-5323,REVIEW OF KEYNESIAN ECONOMICS
A3,2050-7038,INTERNATIONAL TRANSACTIONS ON ELECTRICAL ENERGY SYSTEMS.
B2,2050-7399,INTERNATIONAL JOURNAL OF SUPPLY CHAIN MANAGEMENT
B4,2050-9014,LAW AND ECONOMICS  YEARLY REVIEW
A1,2051-1310,JOURNAL OF COMPLEX NETWORKS
B4,2052-0336,LATIN AMERICAN JOURNAL OF MANAGEMENT FOR SUSTAINABLE DEVELOPMENT
B2,2054-7404,ARCHIVES OF BUSINESS RESEARCH
C,2055-7795,JOURNAL OF NETWORK THEORY IN FINANCE (PRINT)
NP,2056-4864,WATERLAT-GOBACIT NETWORK WORKING PAPERS
B1,2056-6271,JOURNAL OF BUSINESS AND RETAIL MANAGEMENT RESEARCH
A2,2057-0201,BUSINESS AND HUMAN RIGHTS JOURNAL
B4,2057-0546,INTERNATIONAL JOURNAL OF BIBLIOMETRICS IN BUSINESS AND MANAGEMENT (ONLINE)
C,2058-7422,"OPEN REVIEW OF MANAGEMENT, BANKING AND FINANCE"
B4,2058-8313,INTERNATIONAL JOURNAL OF TRANSPORT DEVELOPMENT AND INTEGRATION
A2,2059-5891,VINE JOURNAL OF INFORMATION AND KNOWLEDGE MANAGEMENT SYSTEMS
A3,2059-6014,REVIEW OF INTERNATIONAL BUSINESS AND STRATEGY
C,2059-7770,INTERNATIONAL JOURNAL OF SUSTAINABLE REAL ESTATE AND CONSTRUCTION ECONOMICS (IMPRESSO)
B2,2063-0476,STUDIES IN AGRICULTURAL ECONOMICS (ONLINE)
A4,2065-3913,THEORETICAL AND EMPIRICAL RESEARCHES IN URBAN MANAGEMENT
A2,2073-4395,AGRONOMY
A4,2073-7904,KNOWLEDGE MANAGEMENT & E-LEARNING: AN INTERNATIONAL JOURNAL
C,2075-8952,COMPÁS EMPRESARIAL
A3,2076-0930,INTERNATIONAL JOURNAL OF COMMUNICATION NETWORKS AND INFORMATION SECURITY (PRINT)
C,2076-2895,INTERNATIONAL JOURNAL OF ENERGY AND ENVIRONMENT (PRINT)
C,2076-2909,INTERNATIONAL JOURNAL OF ENERGY AND ENVIRONMENT
A2,2077-0472,AGRICULTURE
B1,2077-1886,"JOURNAL OF ECONOMICS, FINANCE AND ADMINISTRATIVE SCIENCE"
B4,2077-9917,SCIENTIA AGROPECUÁRIA
B1,2078-5585,SOUTH AFRICAN JOURNAL OF BUSINESS MANAGEMENT
B3,2078-9424,JOURNAL OF BUSINESS
B1,2079-052X,EMIRATES JOURNAL OF FOOD AND AGRICULTURE
B1,2079-0538,EMIRATES JOURNAL OF FOOD AND AGRICULTURE (ONLINE)
C,2083-4535,JOURNAL OF WATER AND LAND DEVELOPMENT (ONLINE)
B4,2090-4355,ISRN COMMUNICATIONS AND NETWORKING
C,2090-4541,J FUNANDAM RENEWABLE ENERGY APP
B1,2090-7141,JOURNAL OF COMPUTER NETWORKS AND COMMUNICATIONS
A4,2093-761X,INTERNATIONAL JOURNAL OF SUSTAINABLE BUILDING TECHNOLOGY AND URBAN DEVELOPMENT
A3,2095-3119,JOURNAL OF INTEGRATIVE AGRICULTURE
B4,2096-0255,FRONTIERS OF ENGINEERING MANAGEMENT
A3,2110-7017,INTERNATIONAL ECONOMICS
A2,2115-7251,JOURNAL OF SPACE WEATHER AND SPACE CLIMATE
A3,2146-4553,INTERNATIONAL JOURNAL OF ENERGY ECONOMICS AND POLICY
C,2150-4075,IBUSINESS (PRINT)
A3,2151-3740,"INTERNATIONAL JOURNAL OF BIODIVERSITY SCIENCE, ECOSYSTEM SERVICES & MANAGEMENT"
B1,2151-6219,BUSINESS AND ECONOMICS JOURNAL
B4,2151-6561,ACADEMY OF MANAGEMENT ANNUAL MEETING PROCEEDINGS
C,2152-2553,INTERNATIONAL JOURNAL OF AGRICULTURAL RESEARCH
B1,2153-7658,THERAPEUTIC HYPOTHERMIA AND TEMPERATURE MANAGEMENT
C,2155-6261,INTERNATIONAL JOURNAL OF WIRELESS NETWORKS AND BROADBAND TECHNOLOGIES (IJWNBT)
C,2155-7470,JOURNAL OF INTEGRATED PEST MANAGEMENT
C,2155-7950,JOURNAL OF BUSINESS AND ECONOMICS
C,2155-9546,JOURNAL OF AQUACULTURE RESEARCH & DEVELOPMENT
B4,2155-9856,ARTHROPOD MANAGEMENT TESTS
A2,2156-8324,TOURISM PLANNING & DEVELOPMENT
C,2156-8561,AGRICULTURAL SCIENCES
C,2158-3889,JOURNAL OF BUSINESS DIVERSITY
A4,2158-5571,ALGORITHMIC FINANCE (PRINT)
B4,2160-0422,ATMOSPHERIC AND CLIMATE SCIENCE (ONLINE)
C,2160-6056,ANIMAL FRONTIERS: THE REVIEW MAGAZINE OF ANIMAL AGRICULTURE
C,2161-6256,JOURNAL OF AGRICULTURAL SCIENCE AND TECHNOLOGY A
A2,2161-7856,"GAMES FOR HEALTH: RESEARCH, DEVELOPMENT, AND CLINICAL APPLICATIONS"
A3,2162-2086,THEORETICAL ECONOMICS LETTERS
A1,2162-237X,IEEE TRANSACTIONS ON NEURAL NETWORKS AND LEARNING SYSTEMS
C,2162-9374,MANAGEMENT
A2,2164-5701,GM CROPS & FOOD: BIOTECHNOLOGY IN AGRICULTURE AND THE FOOD CHAIN
C,2164-7682,ENVIRONMENTAL MANAGEMENT AND SUSTAINABLE DEVELOPMENT
A3,2165-2627,STABILITY - INTERNATIONAL JOURNAL OF SECURITY & DEVELOPMENT
C,2165-4018,JOURNAL OF SUSTAINABLE BIOENERGY SYSTEMS
C,2165-882X,INTERNATIONAL JOURNAL OF AGRICULTURE AND FORESTRY
A3,2166-0379,JOURNAL OF AGRICULTURAL STUDIES
B3,2166-6261,JOURNAL OF INFORMATION AND DATA MANAGEMENT
B4,2167-0447,INTERNATIONAL JOURNAL OF AGRICULTURAL SCIENCES
C,2167-9495,AMERICAN JOURNAL OF CLIMATE CHANGE
C,2168-1570,"COMPUTATIONAL WATER, ENERGY, AND ENVIRONMENTAL ENGINEERING"
A3,2168-3565,AGROECOLOGY AND SUSTAINABLE FOOD SYSTEMS (PRINT)
A3,2168-3573,AGROECOLOGY AND SUSTENTAINABLE FOOD SYSTEMS
B4,2168-4812,INTERNATIONAL JOURNAL OF FINANCE AND ACCOUNTING
C,2169-026X,JOURNAL OF ENTREPRENEURSHIP & ORGANIZATION MANAGEMENT
B4,2169-3285,SOCIAL NETWORKING
B4,2169-3323,SOCIAL NETWORKING (ONLINE)
B4,2172-038X,RENEWABLE ENERGY & POWER QUALITY JOURNAL (RE&PQJ)
B3,2174-0135,REVISTA EUROPEA DE HISTORIA DE LAS IDEAS POLÍTICAS Y DE LAS INSTITUCIONES PÚBLICAS
B3,2174-3835,ATLANTIC REVIEW OF ECONOMICS
NP,2175-098X,ANAIS DO ... ENCONTRO NACIONAL DE POLÍTICA SOCIAL
A4,2175-1390,REVISTA DE PSICOLOGIA POLÍTICA
C,2175-1846,REVISTA ELETRÔNICA CIENTÍFICA INOVAÇÃO E TECNOLOGIA
C,2175-280X,ANAIS DA JORNADA INTERNACIONAL DE POLÍTICAS PÚBLICAS
A1,2175-3369,URBE. REVISTA BRASILEIRA DE GESTÃO URBANA
B3,2175-3598,JOURNAL OF HUMAN GROWTH AND DEVELOPMENT
A4,2175-5787,ADMINISTRAÇÃO PÚBLICA E GESTÃO SOCIAL
B4,2175-6813,ENGENHARIA NA AGRICULTURA (ONLINE)
B3,2175-733X,GESTÃO EM FOCO - UNISEPE
A2,2175-764X,TRABALHOS EM LINGUÍSTICA APLICADA
NP,2175-8298,"ANAIS DO ... ENCONTRO NACIONAL DE ENGENHARIA DE PRODUÇÃO, PROCEEDINGS ... INTERNATIONAL CONFERENCE ON PRODUCTION ENGINEERING AND OPERATIONS MANAGEMENT"
A4,2176-2171,REGAE: REVISTA DE GESTÃO E AVALIAÇÃO EDUCACIONAL
B4,2176-8854,REVISTA DE FINANÇAS APLICADAS
A2,2176-9109,DESENVOLVIMENTO E MEIO AMBIENTE
A2,2176-9257,DESENVOLVIMENTO EM DEBATE
NP,2176-9915,BOLETIM DE ECONOMIA E POLÍTICA INTERNACIONAL (IPEA)
A4,2177-0026,DIREITO E DESENVOLVIMENTO
B4,2177-1243,REVISTA GESTÃO PÚBLICA: PRÁTICAS E DESAFIOS.
B2,2177-1642,PLANETA AMAZÔNIA: REVISTA INTERNACIONAL DE DIREITO AMBIENTAL E POLÍTICAS PÚBLICAS
C,2177-5486,REVISTA DE DIREITO EMPRESARIAL E RECUPERACIONAL
B1,2177-7284,REVISTA ELETRÔNICA GESTÃO E SERVIÇOS
C,2177-7586,REVISTA GESTÃO PÚBLICA EM CURITIBA
C,2178-2008,"REV ISTA DE ESTUDOS DE GESTÃO, JURÍDICOS E FINANCEIROS"
NP,2178-213X,"REVISTA POLÍTICA , PLANEJAMENTO E GESTÃO EM SAÚDE"
C,2178-3608,SCIENTIA RURAL
B3,2178-4833,LATIN AMERICAN JOURNAL OF BUSINESS MANEGEMENT
A1,2178-4884,REVISTA BRASILEIRA DE CIÊNCIA POLÍTICA
B4,2178-5317,REVISTA BRASILEIRA DE AGRICULTURA SUSTENTÁVEL
B3,2178-7107,JOURNAL OF INFORMATION AND DATA MANAGEMENT - JIDM
C,2178-7662,CERRADO AGROCIÊNCIA
B1,2178-8022,REVISTA DE DESENVOLVIMENTO ECONÔMICO
B1,2178-9010,REVISTA DE GESTÃO E SECRETARIADO
B3,2179-2895,REVISTA DE INOVAÇÃO TECNOLÓGICA
C,2179-5940,REVIVSTA AGROTECNOLOGIA
C,2179-5959,REVISTA DE AGROTECNOLOGIA
B3,2179-6750,JMPHC. JOURNAL OF MANAGEMENT AND PRIMARY HEALTH CARE
B3,2179-832X,UNIVERSITAS: GESTÃO E TI
NP,2179-8400,ANAIS ¿ CONGRESSO BRASILEIRO DE GESTÃO AMBIENTAL
A3,2179-9636,"EDUCAÇÃO, GESTÃO E SOCIEDADE. REVISTA"
B3,2182-1453,REVISTA TURISMO & DESENVOLVIMENTO (EDIÇÃO ELETRÔNICA)
C,2182-4401,AGROTEC
A2,2183-0266,TRABALHOS DE ANTROPOLOGIA E ETNOLOGIA
A4,2183-0606,JOURNAL OF INNOVATION MANAGEMENT
B3,2183-3265,INTERNATIONAL BUSINESS AND ECONOMICS REVIEW
B3,2183-3826,"PORTUGUESE JOURNAL OF FINANCE, MANAGEMENT AND ACCOUNTING"
C,2183-5594,EUROPEAN JOURNAL OF APPLIED BUSINESS AND MANAGEMENT
B4,2183-7384,REVISTA CIÊNCIAS E POLÍTICAS PÚBLICAS
B4,2184-0733,CONTABILIDADE & GESTÃO - PORTUGUESE JOURNAL OF ACCOUNTING AND MANAGEMENT
A3,2191-0367,INTERNATIONAL JOURNAL ON DISABILITY AND HUMAN DEVELOPMENT
A3,2191-1991,HEALTH ECONOMICS REVIEW (ONLINE)
A2,2192-0567,"ENERGY, SUSTAINABILITY AND SOCIETY"
A2,2193-9020,IZA JOURNAL OF LABOR & DEVELOPMENT
A2,2194-1459,MATERIALS FOR RENEWABLE AND SUSTAINABLE ENERGY
A2,2194-4296,ENERGY TECHNOLOGY
B3,2195-1721,JOURNAL OF SOFTWARE ENGINEERING RESEARCH AND DEVELOPMENT
A2,2196-5641,CHEMICAL AND BIOLOGICAL TECHNOLOGIES IN AGRICULTURE
B4,2198-6061,CURRENT CLIMATE CHANGE REPORTS
A3,2199-9031,INTERNATIONAL JOURNAL OF HEALTH ECONOMICS AND MANAGEMENT
A1,2210-5395,RESEARCH IN TRANSPORTATION BUSINESS & MANAGEMENT
C,2210-6499,FARMING MATTERS: SMALL SCALE AGRICULTURE FOR A SUSTAINABLE SOCIETY
A1,2211-2855,NANO ENERGY
A1,2211-4645,ENVIRONMENTAL DEVELOPMENT
A3,2211-467X,ENERGY STRATEGY REVIEWS
B1,2211-5242,"DISABILITY, CBR & INCLUSIVE DEVELOPMENT"
C,2211-9175,EUROPEAN ENERGY JOURNAL
A2,2211-9736,TOURISM MANAGEMENT PERSPECTIVES
A1,2212-0947,WEATHER AND CLIMATE EXTREMES
A1,2212-0955,URBAN CLIMATE
A1,2212-571X,JOURNAL OF DESTINATION MARKETING & MANAGEMENT
A2,2212-828X,THE JOURNAL OF THE ECONOMICS OF AGEING
A2,2212-9774,WINE ECONOMICS AND POLICY
A1,2213-1388,SUSTAINABLE ENERGY TECHNOLOGIES AND ASSESSMENTS AN INTERNATIONAL JOURNAL
A4,2213-297X,JOURNAL OF CO-OPERATIVE ORGANIZATION AND MANAGEMENT
A2,2214-3173,INFORMATION PROCESSING IN AGRICULTURE
A4,2214-4048,JOURNAL OF HIGH ENERGY ASTROPHYSICS
A1,2214-6296,ENERGY RESEARCH & SOCIAL SCIENCE
A3,2214-6350,JOURNAL OF BEHAVIORAL AND EXPERIMENTAL FINANCE
A3,2215-1532,"ENVIRONMENTAL NANOTECHNOLOGY, MONITORING & MANAGEMENT"
B4,2216-1767,FORUM. REVISTA DEPARTAMENTO CIENCIA POLÍTICA
A4,2217-2661,INTERNATIONAL JOURNAL OF INDUSTRIAL ENGINEERING AND MANAGEMENT
C,2219-5440,FAR EAST JOURNAL OF PSYCHOLOGY AND BUSINESS
C,2219-6021,INTERNATIONAL JOURNAL OF BUSINESS AND SOCIAL SCIENCE
C,2220-8879,NETWORK BIOLOGY
C,2223-7054,INTERNATIONAL JOURNAL OF AGRONOMY AND AGRICULTURAL RESEARCH
C,2223-8379,"JOURNAL OF ENGINEERING, PROJECT, AND PRODUCTION MANAGEMENT"
A4,2224-2708,JOURNAL OF SENSOR AND ACTUATOR NETWORKS
B4,2224-5383,SARHAD JOURNAL OF AGRICULTURE
B3,2225-1154,CLIMATE
B4,2227-670X,INTERNATIONAL JOURNAL OF AGRICULTURE AND CROP SCIENCES
B2,2227-6718,MARKETING AND MANAGEMENT OF INNOVATIONS
B4,2229-6247,"INTERNATIONAL JOURNAL OF BUSINESS MANAGEMENT AND ECONOMIC RESEARCH (IJBMER),"
B2,2230-8776,JOURNAL OF INFORMATION & SYSTEMS MANAGEMENT
B1,2230-9926,INTERNATIONAL JOURNAL OF DEVELOPMENT RESEARCH
B4,2231-0606,AMERICAN JOURNAL OF EXPERIMENTAL AGRICULTURE
C,2231-4784,BRITISH JOURNAL OF ENVIRONMENT AND CLIMATE CHANGE
C,2235-767X,EUROPEAN JOURNAL OF BUSINESS AND SOCIAL SCIENCES
C,2236-0301,REVISTA DE GESTÃO E OPERAÇÕES PRODUTIVAS
B2,2236-0700,REVISTA RAZÃO CONTÁBIL E FINANÇAS
A4,2236-0972,REVISTA DE GESTÃO E PROJETOS
C,2236-1103,R-BITS - REVISTA BRASILEIRA DE INOVAÇÃO TECNOLOGICA EM SAÚDE
A4,2236-1170,"REVISTA ELETRÔNICA EM GESTÃO, EDUCAÇÃO E TECNOLOGIA AMBIENTAL REGET-CT/UFSM"
B2,2236-2037,"REVISTA FEVEREIRO - POLÍTICA, TEORIA, CULTURA"
B1,2236-269X,INDEPENDENT JOURNAL OF MANAGEMENT & PRODUCTION
A4,2236-417X,PERSPECTIVAS EM GESTÃO & CONHECIMENTO
A3,2236-451X,REVISTA ELETRÔNICA DE CIÊNCIA POLÍTICA
C,2236-5346,REVISTA SÍNTESE DIREITO EMPRESARIAL
C,2236-6830,AGRIWORLD
B1,2236-7810,REVISTA MAGISTER DE DIREITO DO TRABALHO
B3,2236-7934,CADERNOS DE AGROECOLOGIA
C,2236-840X,REVISTA DO CONGRESSO MINEIRO DE DIREITO TRIBUTÁRIO E DIREITO FINANCEIRO
B3,2236-8760,CONNEXIO - REVISTA CIENTÍFICA DA ESCOLA DE GESTÃO E NEGÓCIOS
B4,2236-9724,REVISTA BRASILEIRA DE AGROPECUÁRIA SUSTENTÁVEL
B3,2237-0072,REVISTA ELETRÔNICA DE SISTEMAS DE INFORMAÇÃO E GESTÃO TECNOLÓGICA
C,2237-0579,CRÍTICA E SOCIEDADE. REVISTA DE CULTURA POLÍTICA
B2,2237-0722,"REVISTA GEINTEC: GESTÃO, INOVAÇÃO E TECNOLOGIAS"
B4,2237-1095,REVISTA GESTÃO & POLÍTICAS PÚBLICAS
B4,2237-1664,REVISTA BRASILEIRA DE GESTÃO E ENGENHARIA
C,2237-1869,PROGRAMA DE ATUALIZAÇÃO EM ENFERMAGEM (PROENF): GESTÃO
B2,2237-3373,REVISTA INTERCONTINENTAL DE GESTÃO DESPORTIVA
A4,2237-4558,NAVUS REVISTA DE GESTÃO E TECNOLOGIA
C,2237-5228,PRODUCT: MANAGEMENT & DEVELOPMENT
C,2237-7719,"CAIRU EM REVISTA - SOCIEDADE, EDUCAÇÃO, GESTÃO E SUSTENTABILIDADE"
B4,2237-8006,BOLETIM GOVERNET DE ADMINISTRAÇÃO PÚBLICA E GESTÃO MUNICIPAL
B4,2237-8812,REAGRO - REVISTA ELETRÔNICA DE AGRONEGÓCIO
C,2237-8960,BRAZILIAN JOURNAL OF OPERATIONS & PRODUCTION MANAGEMENT
A4,2237-9029,DESENVOLVIMENTO REGIONAL EM DEBATE
B3,2238-0515,"EMPREENDEDORISMO, GESTÃO E NEGÓCIOS REVISTA DO CURSO DE ADMINISTRAÇÃO"
B3,2238-4170,GESTÃO CONTEMPORÂNEA
A3,2238-5320,"REVISTA DE GESTÃO, FINANÇAS E CONTABILIDADE"
B3,2238-5819,REVISTA CIENTÍFICA ON-LINE TECNOLOGIA GESTÃO HUMANISMO
B3,2238-8346,EDUCAÇÃO E POLÍTICAS EM DEBATE
C,2238-8486,"REVISTA PERSPECTIVA EM EDUCAÇÃO, GESTÃO & TECNOLOGIA (ONLINE)"
C,2238-8508,REVISTA FÓRUM DE DIREITO ECONÔMICO E FINANCEIRO
B1,2238-8753,REVISTA GESTÃO & SUSTENTABILIDADE AMBIENTAL
B4,2238-9636,REVISTA VISÃO: GESTÃO ORGANIZACIONAL
C,2239-5938,EUROPEAN JOURNAL OF SUSTAINABLE DEVELOPMENT
C,2241-0998,JOURNAL OF FINANCE AND INVESTMENT ANALYSIS
B4,2241-794X,ATHENS JOURNAL OF BUSINESS & ECONOMICS
C,2247-0220,MANAGEMENT OF SUSTAINABLE DEVELOPMENT (ONLINE)
C,2247-2452,OHDM - ORAL HEALTH AND DENTAL MANAGEMENT
C,2249-4588,GLOBAL JOURNAL OF MANAGEMENT AND BUSINESS RESEARCH (ONLINE)
B1,2250-4001,ESTUDIOS RURALES
C,2250-6543,INTERSTICIOS DE LA POLÍTICA Y LA CULTURA : INTERVENCIONES LATINOAMERICANAS
A3,2251-7715,INTERNATIONAL JOURNAL OF RECYCLING OF ORGANIC WASTE IN AGRIC
A4,2255-5986,REVISTA DE INVESTIGACIONES POLÍTICAS Y SOCIOLÓGICAS
C,2276-7770,GREENER JOURNAL OF AGRICULTURAL SCIENCES
C,2278-0211,INTERNATIONAL JOURNAL OF INNOVATIVE RESEARCH AND DEVELOPMENT
C,2278-067X,INTERNATIONAL JOURNAL OF ENGINEERING RESEARCH AND DEVELOPMENT
C,2278-3369,IJAME. INTERNATIONAL JOURNAL OF ADVANCES IN MANAGEMENT AND ECONOMICS
B4,2278-487X,JOURNAL OF BUSINESS AND MANAGEMENT
C,2278-9359,INTERNATIONAL JOURNAL OF EMERGING RESEARCH IN MANAGEMENT &TECHNOLOGY
A1,2296-598X,FRONTIERS IN ENERGY RESEARCH
A3,2296-634X,FRONTIERS IN CELL AND DEVELOPMENTAL BIOLOGY
A4,2300-8814,CONTEMPORARY ECONOMICS (ONLINE)
C,2301-3567,"JOURNAL OF ECONOMICS, BUSINESS AND MANAGEMENT"
C,2301-3656,INTERNATIONAL JOURNAL OF ELECTRICAL ENERGY
B4,2306-367X,"JOURNAL OF EMERGING ISSUES IN ECONOMICS, FINANCE AND BANKING"
A4,2310-0036,REVISTA ELECTRÓNICA DE INVESTIGAÇÃO E DESENVOLVIMENTO
C,2310-2845,INTERNATIONAL JOURNAL OF MANAGEMENT SCIENCES
C,2311-5904,INFORMAÇÕES AGRONÔMICAS
A2,2312-0916,"INTERNATIONAL JOURNAL OF BUSINESS, ECONOMICS AND MANAGEMENT"
B3,2314-7210,FUTURE BUSINESS JOURNAL
C,2315-5094,GLOBAL ADVANCED RESEARCH JOURNAL OF AGRICULTURAL SCIENCE
B4,2315-7739,ACADEMIA JOURNAL OF AGRICULTURAL RESEARCH
C,2316-1809,JOURNAL OF AGRONOMIC SCIENCES
B3,2316-1833,"ATHENAS - REVISTA DE DIREITO, POLÍTICA E FILOSOFIA"
A3,2316-2058,REGEPE - REVISTA DE EMPREENDEDORISMO E GESTÃO DE PEQUENAS EMPRESAS
B3,2316-2600,REVISTA ECOPOLÍTICA
B3,2316-2864,REVISTA SAÚDE E DESENVOLVIMENTO
C,2316-3089,"ANAIS DO COLÓQUIO SOCIEDADE, POLÍTICAS PÚBLICAS, CULTURA E DESENVOLVIMENTO"
B3,2316-3127,IDEIAS E INOVAÇÃO LATO SENSU
B1,2316-3712,REVISTA DE GESTÃO EM SISTEMAS DE SAÚDE
C,2316-4743,REVISTA ESTUDOS DE POLÍTICA
B4,2316-5235,"REVISTA DE ECONOMIA REGIONAL, URBANA E DO TRABALHO"
B2,2316-5537,DESENVOLVE: REVISTA DE GESTÃO DA UNILASALLE
B2,2316-6517,INTERNATIONAL JOURNAL OF KNOWLEDGE ENGINEERING AND MANAGEMENT - IJKEM
C,2316-6886,WATER RESOURCES AND IRRIGATION MANAGEMENT
B4,2316-7548,ADMINISTRAÇÃO DE EMPRESAS EM REVISTA
B3,2316-9168,CONEXÃO POLÍTICA
C,2317-0441,"CONVIBRA : GESTÃO, EDUCAÇÃO E PROMOÇÃO DA SAÚDE"
B2,2317-0727,REVISTA AMPLA DE GESTÃO EMPRESARIAL
B2,2317-224X,REVISTA DE POLÍTICA AGRÍCOLA
A3,2317-2363,REVISTA BRASILEIRA DE PLANEJAMENTO E DESENVOLVIMENTO
A4,2317-2428,REVISTA INTERDISCIPLINAR DE GESTÃO SOCIAL
C,2317-2436,CURRENT AGRICULTURAL SCIENCE AND TECHNOLOGY
B4,2317-2444,CAMPO JURÍDICO - REVISTA DE DIREITO AGROAMBIENTAL E TEORIA DO DIREITO
B4,2317-3114,REVISTA BRASILEIRA DE AGROTECNOLOGIA
C,2317-3122,REVISTA BRASILEIRA DE GESTÃO AMBIENTAL
B3,2317-3254,CONEXÃO POLÍTICA - REVISTAS ELETRÔNICAS DA UFPI
B3,2317-3963,JOURNAL OF MODERN PROJECT MANAGEMENT
B4,2317-4056,REVISTA DE DIREITO AGROAMBIENTAL E TEORIA DO DIREITO (ONLINE)
B4,2317-5001,"REVISTA DE CONTABILIDADE, CIÊNCIA DA GESTÃO E FINANÇAS"
A4,2317-5087,GESTÃO E CONEXÕES
A4,2317-5338,REVISTA SUL-AMERICANA DE CIÊNCIA POLÍTICA
A4,2317-5443,REVISTA BRASILEIRA DE DESENVOLVIMENTO REGIONAL
B2,2317-563X,REVISTA ELETRÔNICA DE GESTÃO E TECNOLOGIAS AMBIENTAIS
B1,2317-6539,CADERNOS DO DESENVOLVIMENTO FLUMINENSE
C,2317-6792,REVISTA LATINO-AMERICANA DE INOVAÇÃO E ENGENHARIA DE PRODUÇÃO
B4,2317-6954,CADERNO GESTÃO PÚBLICA
B4,2317-837X,REVISTA DE FINANÇAS PÚBLICAS TRIBUTAÇÃO E DESENVOLVIMENTO
A4,2317-8582,SAÚDE E DESENVOLVIMENTO HUMANO
B4,2317-9082,REVISTA DO MESTRADO PROFISSIONAL GESTÃO EM ORGANIZAÇÕES APRENDENTES
B3,2317-921X,RP 3 - REVISTA DE PESQUISAS EM POLÍTICAS PÚBLICAS
C,2317-9880,"REVISTA JURÍDICA ELETRÔNICA DIREITO, SOCIEDADE E DESENVOLVIMENTO"
A4,2318-0188,REVISTA AGROECOSSISTEMAS
A3,2318-1001,REVISTA EVIDENCIAÇÃO CONTÁBIL & FINANÇAS
A4,2318-1338,REVISTA DE GESTÃO E AVALIAÇÃO EDUCACIONAL
B4,2318-2407,BRAZILIAN JOURNAL OF AGRICULTURE - REVISTA DE AGRICULTURA
B3,2318-3160,POLIÉTICA. REVISTA DE ÉTICA E FILOSOFIA POLÍTICA
B2,2318-3233,REVISTA METROPOLITANA DE ADMINISTRAÇAO E DESENVOLVIMENTO SUSTENTÁVEL
B4,2318-373X,TERCEIRO MILÊNIO - REVISTA CRÍTICA DE SOCIOLOGIA E POLÍTICA
B4,2318-4981,"REVISTA GESTÃO, SUSTENTABILIDADE E NEGÓCIOS"
NP,2318-5392,CADERNOS DE INOVAÇÃO EM PEQUENOS NEGÓCIOS: INDÚSTRIA
B1,2318-5732,REVISTA DIREITOS SOCIAIS E POLÍTICAS PÚBLICAS - UNIFAFIBE
C,2318-647X,ECONOMIA E POLÍTICAS PÚBLICAS
B4,2318-7689,REVISTA DE DIREITO EMPRESARIAL
A2,2318-8499,AGENDA POLÍTICA
B4,2318-9231,CADERNOS DE GESTÃO E EMPREENDEDORISMO
B3,2318-9851,"REVISTA INOVAÇÃO, PROJETOS E TECNOLOGIAS"
NP,2319-0485,PRÁTICAS EM CONTABILIDADE E GESTÃO
B1,2319-0639,REVISTA BRASILEIRA DE GESTÃO E INOVAÇÃO
B4,2319-1473,INTERNATIONAL JOURNAL OF AGRICULTURE INNOVATIONS AND RESEARCH
C,2319-2372,IOSR JOURNAL OF AGRICULTURE AND VETERINARY SCIENCE
B4,2319-801X,INTERNATIONAL JOURNAL OF BUSINESS AND MANAGEMENT INVENTION (PRINT)
B4,2319-8028,INTERNATIONAL JOURNAL OF BUSINESS AND MANAGEMENT INVENTION (IJBMI)
B4,2321-1784,INTERNATIONAL JOURNAL IN MANAGEMENT AND SOCIAL SCIENCE
C,2321-3418,INTERNATIONAL JOURNAL OF SCIENTIFIC RESEARCH AND MANAGEMENT
A3,2322-5939,INTERNATIONAL JOURNAL OF HEALTH POLICY AND MANAGEMENT
B2,2322-956X,DIMENSIÓN EMPRESARIAL
B1,2325-162X,THE INTERNATIONAL JOURNAL OF DESIGN MANAGEMENT AND PROFESSIONAL PRACTICE (IMPRESSO)
B3,2325-3193,JOURNAL OF MOTOR LEARNING AND DEVELOPMENT
A4,2325-6192,JOURNAL OF ENVIRONMENTAL ACCOUNTING AND MANAGEMENT
C,2325-9809,JOURNAL OF NUCLEAR ENERGY SCIENCE & POWER GENERATION TECHNOLOGY
C,2326-0297,BUSINESS AND MANAGEMENT HORIZONS (ONLINE)
C,2326-1080,INTERNATIONAL JOURNAL OF CONSTRUCTION ENGINEERING AND MANAGEMENT (PRINT)
C,2326-957X,INTERNATIONAL JOURNAL OF ENERGY AND POWER ENGINEERING
C,2327-0039,JOURNAL OF MANAGEMENT ANALYTICS
A2,2327-4697,IEEE TRANSACTIONS ON NETWORK SCIENCE AND ENGINEERING
C,2327-5901,JOURNAL OF POWER AND ENERGY ENGINEERING
C,2328-2169,JOURNAL OF TOURISM AND HOSPITALITY MANAGEMENT
A3,2329-0501,MOLECULAR THERAPY ¿ METHODS & CLINICAL DEVELOPMENT
B4,2329-2644,JOURNAL OF BUSINESS THEORY AND PRACTICE
B4,2331-1932,COGENT FOOD & AGRICULTURE
B1,2331-1975,COGENT BUSINESS & MANAGEMENT
C,2331-5075,ADVANCES IN ECONOMICS AND BUSINESS (ONLINE)
B4,2331-6330,ENERGY AND ENVIRONMENTAL ENGINEERING
C,2331-950X,UNIVERSAL JOURNAL OF MANAGEMENT (IMPRESSO)
B1,2332-2039,COGENT ECONOMICS & FINANCE
B3,2332-7294,APPLIED ECONOMICS AND FINANCE
B1,2333-6056,JOURNAL OF MANAGEMENT POLICIES AND PRACTICES
B3,2333-6099,JOURNAL OF MARKETING MANAGEMENT (ONLINE)
B2,2333-8334,AIMS ENERGY
C,2334-2404,JOURNAL OF AGRICULTURE AND ENVIRONMENTAL SCIENCES
B1,2334-296X,JOURNAL OF EDUCATION AND HUMAN DEVELOPMENT
C,2335-6812,INTERNATIONAL JOURNAL OF ENERGY AND STATISTICS
NP,2340-1079,"INTERNATIONAL TECHNOLOGY, EDUCATION AND DEVELOPMENT CONFERENCE"
A2,2340-2199,"ARAUCARIA: REVISTA IBEROAMERICANA DE FILOSOFÍA, POLÍTICA Y HUMANIDADES"
C,2340-4876,INTERNATIONAL JOURNAL OF PRODUCTION MANAGEMENT AND ENGINEERING
B2,2340-924X,"EUROPEAN JOURNAL OF CHILD DEVELOPMENT, EDUCATION AND PSYCHOPATHOLOGY"
A3,2340-9436,BUSINESS RESEARCH QUARTERLY (PRINT)
C,2347-4688,CURRENT AGRICULTURE RESEARCH JOURNAL
C,2348-0254,"INTERNATIONAL JOURNAL OF GEOLOGY, AGRICULTURE AND ENVIRONMENTAL SCIENCES"
C,2348-1854,SCHOLARS JOURNAL OF AGRICULTURE AND VETERINARY SCIENCES
B3,2348-3997,INTERNATIONAL JOURNAL OF RESEARCH IN AGRICULTURAL SCIENCES
C,2348-4470,INTERNATIONAL JOURNAL OF ADVANCE ENGINEERING AND RESEARCH DEVELOPMENT (ONLINE)
C,2348-6406,INTERNATIONAL JOURNAL OF ADVANCE ENGINEERING AND RESEARCH DEVELOPMENT (PRINT)
C,2349-0837,JOURNAL OF ADVANCES IN AGRICULTURE
B3,2349-3224,"INTERNATIONAL JOURNAL OF ADVANCEMENT IN ENGINEERING TECHNOLOGY, MANAGEMENT & APPLIED SCIENCE"
C,2349-4506,GLOBAL JOURNAL OF ENGINEERING SCIENCE AND RESEARCH MANAGEMENT
C,2349-5197,INTERNATIONAL JOURNAL OF RESEARCH SCIENCE AND MANAGEMENT
C,2350-0557,INTERNATIONAL JOURNAL OF INNOVATIVE RESEARCH IN ENGINEERING AND MANAGEMENT
A1,2352-152X,JOURNAL OF ENERGY STORAGE
B2,2352-2151,AGRI GENE
A2,2352-4677,"SUSTAINABLE ENERGY, GRIDS AND NETWORKS"
A3,2352-801X,GROUNDWATER FOR SUSTAINABLE DEVELOPMENT
C,2356-9271,MEGA JOURNAL OF BUSINESS RESEARCH
B3,2357-3732,AGRONOMÍA COLOMBIANA
B3,2358-1735,REVISTA DE GESTÃO E CONTABILIDADE DA UFPI
B3,2358-2286,LATIN AMERICAN JOURNAL OF ENERGY RESEARCH
C,2358-2367,CADERNO VERDE DE AGROECOLOGIA E DESENVOLVIMENTO SUSTENTÁVEL
B4,2358-2693,REVISTA DE FINANÇAS E CONTABILIDADE DA UNIMEP
A4,2358-3592,REVISTA POLÍTICA E PLANEJAMENTO REGIONAL
B4,2358-5153,REVISTA BRASILEIRA DE NEGÓCIOS E DESENVOLVIMENTO REGIONAL
C,2358-6273,BOLETIM DE PESQUISA E DESENVOLVIMENTO EMBRAPA
B4,2358-6303,REVISTA DE AGRICULTURA NEOTROPICAL
B2,2358-7814,P2P & INOVAÇÃO
A2,2358-8322,HUMANIDADES & INOVAÇÃO
B3,2358-9817,"REVISTA FATEC SEBRAE EM DEBATE: GESTÃO, TECNOLOGIAS E NEGÓCIOS"
B2,2359-0432,REVISTA DE GESTÃO E ORGANIZAÇÕES COOPERATIVAS
A4,2359-1145,"REVISTA DE ESTUDOS DE GESTÃO, INFORMAÇÃO E TECNOLOGIA"
B1,2359-1412,REVISTA BRASILEIRA DE GESTÃO AMBIENTAL E SUSTENTABILIDADE
C,2359-1455,AGRONOMY SCIENCE AND BIOTECHNOLOGY
A4,2359-1552,REVISTA POLÍTICAS PÚBLICAS & CIDADES
B2,2359-1919,REGA - REVISTA DE GESTÃO DE ÁGUA DA AMÉRICA LATINA
C,2359-2249,"ANAIS DA MOSTRA DE EXTENSÃO, INOVAÇÃO E PESQUISA"
B4,2359-2710,JOURNAL OF BIOENERGY AND FOOD SCIENCE
B4,2359-2826,OBSERVATÓRIO DE ELITES POLÍTICAS E SOCIAIS DO BRASIL
B4,2359-3539,"REVISTA DE EMPREENDEDORISMO, INOVAÇÃO E TECNOLOGIA"
C,2359-3989,REVISTA GESTÃO EM ENGENHARIA
C,2359-4691,"INOVAÇÃO: REVISTA ELETRÔNICA DE P,D & I"
B4,2359-4748,"REVISTA BRASILEIRA DE CIÊNCIA, TECNOLOGIA E INOVAÇÃO"
NP,2359-5264,REVISTA DESAFIOS DO DESENVOLVIMENTO
B3,2359-5280,CADERNOS DE POLÍTICA EXTERIOR
C,2359-5825,REVISTA POLÍTICAS E SAÚDE COLETIVA
C,2362-1931,MÁRGENES - REVISTA DE ECONOMIA POLÍTICA
A3,2363-5037,SUSTAINABLE WATER RESOURCES MANAGEMENT
C,2363-7692,"ENERGY, ECOLOGY AND ENVIRONMENT (PRINT)"
C,2363-8338,"ENERGY, ECOLOGY AND ENVIRONMENT (ONLINE)"
B4,2364-8228,APPLIED NETWORK SCIENCE
B4,2373-2156,JOURNAL OF PHYSICAL EDUCATION AND SPORTS MANAGEMENT
C,2373-6402,ADVANCES IN PLANTS & AGRICULTURE RESEARCH
B4,2374-1414,BUSINESS CREATIVITY AND THE CREATIVE ECONOMY
B4,2374-2429,APPLIED FINANCE AND ACCOUNTING
B2,2374-3832,"CROP, FORAGE AND TURFGRASS MANAGEMENT"
B4,2374-5924,BUSINESS AND MANAGEMENT STUDIES
C,2375-4214,JOURNAL OF AGRICULTURE AND LIFE SCIENCES
B2,2378-5977,KANSAS AGRICULTURAL EXPERIMENT STATION RESEARCH REPORTS
B4,2379-2957,AREA DEVELOPMENT AND POLICY
A2,2379-8920,IEEE TRANSACTIONS ON COGNITIVE AND DEVELOPMENTAL SYSTEMS
B1,2380-1751,JOURNAL OF SMALL BUSINESS STRATEGY
C,2380-5439,JOURNAL OF HEALTH EDUCATION RESEARCH & DEVELOPMENT
C,2381-1137,"INTERNATIONAL JOURNAL OF WIRELESS COMMUNICATIONS, NETWORKING AND MOBILE COMPUTING"
A4,2382-624X,WATER ECONOMICS AND POLICY
B3,2383-3866,GLOBAL JOURNAL OF ENVIRONMENTAL SCIENCE AND MANAGEMENT
B1,2385-7137,JOURNAL OF EVOLUTIONARY STUDIES IN BUSINESS
B2,2386-8570,INTERNATIONAL JOURNAL OF SCIENTIFIC MANAGEMENT AND TOURISM
B2,2389-7481,CIENCIA POLÍTICA
B4,2392-0343,ANUARIO LATINOAMERICANO ¿ CIENCIAS POLÍTICAS Y RELACIONES INTERNACIONALES
B4,2393-6924,ANUARIO POLÍTICA INTERNACIONAL & POLÍTICA EXTERIOR
C,2394-1073,JOURNAL OF AGRICULTURE AND ECOLOGY RESEARCH INTERNATIONAL
B4,2395-1664,ICTACT JOURNAL ON MANAGEMENT STUDIES
B2,2395-2210,"JOURNAL OF RESEARCH IN BUSINESS, ECONOMICS AND MANAGEMENT"
B4,2395-258X,FOCUS JOURNAL OF INTERNATIONAL BUSINESS
B3,2397-0030,GERMAN JOURNAL OF HUMAN RESOURCE MANAGEMENT
B4,2398-4902,SUSTAINABLE ENERGY & FUELS (ONLINE)
C,2405-4631,CURRENT ALTERNATIVE ENERGY
A3,2405-8726,"SHE JI: THE JOURNAL OF DESIGN, ECONOMICS, AND INNOVATION"
A4,2405-8807,CLIMATE SERVICES
B3,2408-4573,REVISTA LATINOAMERICANA DE POLÍTICAS Y ADMINISTRACIÓN DE LA EDUCACIÓN
B4,2408-9117,JOURNAL OF TOURISM MANAGEMENT RESEARCH
B1,2409-3696,REVISTA DE ESTUDIOS TEÓRICOS Y EPISTEMOLÓGICOS EN POLÍTICA EDUCATIVA ISSN 2409-3696
NP,2409-3823,[C]COMPASSESWORLD: THE ARCHITECTURE AND INTERIOR DESIGN INTERNATIONAL NETWORK | MIDDLE EAST
C,2409-5818,GLOBAL JOURNAL OF ENERGY TECHNOLOGY RESEARCH UPDATES
A2,2413-8274,REVISTA ESTADO Y POLÍTICAS PÚBLICAS
C,2422-0582,REVISTA COLOMBIANA DE INVESTIGATIONES AGROINDUSTRIALES
C,2424-8622,JOURNAL OF INDUSTRIAL INTEGRATION AND MANAGEMENT (PRINT)
C,2424-8630,JOURNAL OF INDUSTRIAL INTEGRATION AND MANAGEMENT (ONLINE)
B2,2429-2133,"THE JOURNAL OF INTERNATIONAL RELATIONS, PEACE STUDIES, AND DEVELOPMENT"
C,2437-1858,GLOBAL JOURNAL OF AGRICULTURAL RESEARCH AND REVIEWS
B2,2444-0299,INTERNATIONAL JOURNAL OF SCIENTIFIC MANAGEMENT AND TOURISM (PRINT)
B2,2445-4109,"REVISTA EDUCACIÓN, POLÍTICA Y SOCIEDAD"
B4,2446-4880,CADERNO CIENTÍFICO CECIESA-GESTÃO (IMPRESSO)
B2,2446-5240,MALALA - REVISTA DO GRUPO DE TRABALHO ORIENTE MÉDIO E MUNDO MUÇULMANO (GTOMMM)
B3,2446-5496,DESENVOLVIMENTO SOCIOECONÔMICO EM DEBATE
B2,2446-5763,SOUTH AMERICAN DEVELOPMENT SOCIETY JOURNAL
C,2446-8355,REVISTA CULTURA AGRONÔMICA
B2,2446-8622,REVISTA DE MICRO E PEQUENAS EMPRESAS E EMPREENDEDORISMO DA FATEC OSASCO
B4,2446-8738,GESTÃO E DESENVOLVIMENTO EM REVISTA
B2,2446-9580,REVISTA PRODUÇÃO E DESENVOLVIMENTO
B4,2446-9955,REVISTA DE ADMINISTRAÇÃO DE EMPRESAS ELETRÔNICA
B2,2447-0023,"DIREITOS, TRABALHO E POLÍTICA SOCIAL"
B4,2447-0961,CONTEMPORÂNEA - REVISTA DE ÉTICA E FILOSOFIA POLÍTICA
C,2447-1291,GESTÃO & GERENCIAMENTO
A2,2447-2948,REVISTA INTERDISCIPLINAR DE PESQUISA E INOVAÇÃO
B4,2447-360X,REVISTA DE DESENVOLVIMENTO E POLÍTICAS PÚBLICAS
B2,2447-4096,GUAJU ¿ REVISTA BRASILEIRA DE DESENVOLVIMENTO TERRITORIAL SUSTENTÁVEL
C,2447-6501,CADERNOS DE INOVAÇÃO EM PEQUENOS NEGÓCIOS: COMÉRCIO
C,2447-651X,CADERNOS DE INOVAÇÃO EM PEQUENOS NEGÓCIOS: SERVIÇOS
C,2447-6528,CADERNOS DE INOVAÇÃO EM PEQUENOS NEGÓCIOS - ORIENTADORES
B3,2447-7354,REVISTA PIAUIENSE DE HISTÓRIA SOCIAL E DO TRABALHO
B4,2447-7451,INTERNATIONAL JOURNAL OF BUSINESS MARKETING
B2,2447-7532,CADERNOS DO DESENVOLVIMENTO
B4,2447-7648,"REVISTA EM GESTÃO, INOVAÇÃO E SUSTENTABILIDADE"
B4,2447-780X,REVISTA DO INSTITUTO DE POLÍTICAS PÚBLICAS DE MARÍLIA
B2,2447-8156,"REVISTA DE ADMINISTRAÇÃO, SOCIEDADE E INOVAÇÃO"
B3,2447-8407,REVISTA DE EMPREENDEDORISMO E GESTÃO DE MICRO E PEQUENA EMPRESAS
C,2447-8520,"REVISTA GESTÃO, INOVAÇÃO E NEGÓCIOS"
B2,2448-0452,REVISTA ELETRÔNICA COMPETÊNCIAS DIGITAIS PARA AGRICULTURA FAMILIAR (RECODAF)
NP,2448-1041,CONTECSI USP - INTERNATIONAL CONFERENCE ON INFORMATION SYSTEMS AND TECHNOLOGY MANAGEMENT
B2,2448-2137,ÉTICA E FILOSOFIA POLÍTICA (ONLINE)
C,2448-3052,REVISTA DE GESTÃO E NEGÓCIOS DO ESPORTE
B3,2448-3664,"REVISTA DE EMPREENDEDORISMO, NEGÓCIOS E INOVAÇÃO (RENI)"
C,2448-4091,REVISTA DE CIÊNCIA E INOVAÇÃO DO IF FARROUPILHA
B4,2451-1935,ECONOMETRIC RESEARCH IN FINANCE
A4,2452-2929,WORLD DEVELOPMENT PERSPECTIVES
B2,2452-316X,AGRICULTURE AND NATURAL RESOURCES
C,2454-1850,INTERNATIONAL JOURNAL OF ENVIRONMENTAL AND AGRICULTURE RESEARCH
C,2454-1907,INTERNATIONAL JOURNAL OF ENGINEERING TECHNOLOGIES AND MANAGEMENT RESEARCH
B1,2454-6615,WORLD WIDE JOURNAL OF MULTIDISCIPLINARY RESEARCH AND DEVELOPMENT (ONLINE)
C,2455-5495,ARCHIVES OF RENAL DISEASES AND MANAGEMENT
C,2455-6378,INTERNACIONAL JOURNAL OF ADVANCED SCIENTIFIC RESEARCH AND MANAGEMENT (ONLINE)
C,2455-6939,INTERNATIONAL JOURNAL OF AGRICULTURE AND ENVIRONMENTAL RESEARCH
C,2455-815X,INTERNATIONAL JOURNAL OF AGRICULTURAL SCIENCE AND FOOD TECHNOLOGY
C,2456-1878,"INTERNATIONAL JOURNAL OF ENVIRONMENT, AGRICULTURE AND BIOTECHNOLOGY"
C,2456-2661,MANAGEMENT AND ECONOMIC JOURNAL
B4,2456-3676,INTERNATIONAL JOURNAL OF ADVANCED ENGINEERING AND MANAGEMENT RESEARCH
C,2456-6527,SCHOLARS JOURNAL OF RESEARCH IN AGRICULTURE AND BIOLOGY
C,2456-9348,INTERNATIONAL JOURNAL OF ENGINEERING TECHNOLOGY RESEARCH & MANAGEMENT
C,2457-0591,JOURNAL OF EXPERIMENTAL AGRICULTURE INTERNATIONAL
C,2463-0799,ESCENARIOS: EMPRESA Y TERRITORIO
C,2468-2071,JOURNAL OF INFORMATION SYSTEMS ENGINEERING & MANAGEMENT
B3,2469-4339,"MANAGEMENT AND ECONOMICS RESEARCH JOURNAL,"
C,2470-4067,JOURNAL OF GLOBAL SPORT MANAGEMENT
B1,2471-2086,AIMS AGRICULTURE AND FOOD
B2,2471-6774,AGRICULTURAL RESEARCH AND TECHNOLOGY: OPEN ACCESS JOURNAL
C,2472-1042,PHARMACOECONOMICS: OPEN ACCESS
B4,2472-1786,JOURNAL OF CHILDHOOD & DEVELOPMENTAL DISORDERS
B1,2473-2400,IEEE TRANSACTIONS ON GREEN COMMUNICATIONS AND NETWORKING
C,2473-3350,JOURNAL OF COASTAL ZONE MANAGEMENT
C,2474-3690,JOURNAL OF HYPERTENSION AND MANAGEMENT
C,2474-8846,OPEN ACCESS JOURNAL OF AGRICULTURAL RESEARCH
C,2475-2991,CURRENT DEVELOPMENTS IN NUTRITION
C,2475-7675,ADVANCES IN RECYCLING & WASTE MANAGEMENT
C,2476-1125,INTERNATIONAL JOURNAL OF PUBLIC HEALTH MANAGEMENT AND ETHICS
B4,2477-9407,REVISTA DE LA FACULTAD DE AGRONOMIA
C,2493-9439,RENEWABLE ENERGY AND ENVIRONMENTAL SUSTAINABILITY
C,2497-0107,EUROPEAN REVIEW OF SERVICE ECONOMICS AND MANAGEMENT
B4,2501-9988,EUROPEAN JOURNAL OF MANAGEMENT AND MARKETING STUDIES
C,2509-4262,PHARMACOECONOMICS - OPEN
B1,2514-4111,INTERNATIONAL JOURNAL OF COMPARATIVE MANAGEMENT
B1,2515-8961,INNOVATION & MANAGEMENT REVIEW (ONLINE)
B4,2519-1217,THE LATIN AMERICAN AND IBERIAN JOURNAL OF LAW AND ECONOMICS
C,2519-9587,FRONTIERS IN MANAGEMENT RESEARCH
A3,2520-1786,IZA JOURNAL OF DEVELOPMENT AND MIGRATION
C,2521-7054,"JOURNAL OF MANAGEMENT, ECONOMICS AND INDUSTRIAL ORGANIZATION"
B4,2523-0891,REVISTA MERCOSUR DE POLÍTICAS SOCIALES
B2,2525-1635,REVISTA LATINOAMERICANA DE ESTUDIOS RURALES
B3,2525-1805,"ESTADO ABIERTO: REVISTA SOBRE EL ESTADO, LA ADMINISTRACIÓN Y LAS POLÍTICAS PÚBLICAS"
A3,2525-3409,"RESEARCH, SOCIETY AND DEVELOPMENT"
B2,2525-3476,"INOVAÇÃO E FORMAÇÃO, REVISTA DO NÚCLEO DE EDUCAÇÃO A DISTÂNCIA DA UNIVERSIDADE ESTADUAL PAULISTA ¿ NEAD/UNESP"
B1,2525-3654,INTERNATIONAL JOURNAL OF PROFESSIONAL BUSINESS REVIEW
B4,2525-4782,"REVISTA MUNDI ENGENHARIA, TECNOLOGIA E GESTÃO"
C,2525-4804,REVISTA AGRI-ENVIRONMENTAL SCIENCES
B4,2525-5495,REVISTA BRASILEIRA DE ADMINISTRAÇÃO POLÍTICA
B2,2525-5584,REVISTA BRASILEIRA DE POLÍTICAS PÚBLICAS E INTERNACIONAIS
C,2525-5657,"REVISTA ÁGORA: POLÍTICAS PÚBLICAS, COMUNICAÇÃO E GOVERNANÇA INFORMACIONAL"
C,2525-6076,REVISTA AGROPECUÁRIA CATARINENSE
C,2525-6092,REVISTA RURAL E URBANO - UFPE
C,2525-6920,AGROFORESTALIS NEWS
C,2525-7161,REVISTA JUVENTUDE E POLÍTICAS PÚBLICAS
B3,2525-8346,MAIÊUTICA - ESTUDOS CONTEMPORÂNEOS EM GESTÃO ORGANIZACIONAL
B4,2525-8729,FTT JOURNAL OF ENGENEERING AND BUSINESS
B2,2525-8761,BRAZILIAN JOURNAL OF DEVELOPMENT
B4,2525-877X,AGROPAMPA: REVISTA DE GESTÃO DO AGRONEGÓCIO
C,2525-8990,AGROTEC - REVISTA AGROPECUARIA TECNICA (ONLINE)
C,2525-9822,"REVISTA DE POLÍTICA JUDICIÁRIA, GESTÃO E ADMINISTRAÇÃO DA JUSTIÇA"
C,2525-9881,REVISTA DE DIREITO SOCIAIS E POLÍTICAS PÚBLICAS (ONLINE)
C,2525-9903,"REVISTA DE DIREITOS FUNDAMENTAIS NAS RELAÇÕES DO TRABALHO, SOCIAIS E EMPRESARIAIS"
C,2526-0014,"REVISTA DE DIREITO, INOVAÇÃO, PROPRIEDADE INTELECTUAL E CONCORRÊNCIA"
C,2526-0057,"REVISTA DE DIREITO, ECONOMIA E DESENVOLVIMENTO SUSTENTÁVEL (ONLINE)"
C,2526-0073,REVISTA DE DIREITO ADMINISTRATIVO E GESTÃO PÚBLICA (ONLINE)
C,2526-0081,REVISTA DE DIREITO AGRÁRIO E AGROAMBIENTAL (ONLINE)
C,2526-0138,REVISTA DE DIREITO TRIBUTÁRIO E FINANCEIRO
C,2526-0235,REVISTA BRASILEIRA DE DIREITO EMPRESARIAL (ONLINE)
B3,2526-0502,REVISTA DE EMPREENDORISMO E INOVAÇÃO SUSTENTÁVEIS
C,2526-0774,HOMA PUBLICA: REVISTA INTERNACIONAL DE DIREITOS HUMANOS E EMPRESAS
B4,2526-1282,MANAGEMENT CONTROL REVIEW
B3,2526-1487,TRABALHO (EN)CENA
C,2526-1606,INTERNATIONAL JOURNAL OF HEALTH MANAGEMENT REVIEW - JHMREVIEW
B3,2526-2289,REVISTA GESTÃO E ORGANIZAÇÕES (REGOR)
B2,2526-2319,"REVISTA TRABALHO, POLÍTICA E SOCIEDADE"
B4,2526-2629,REVISTA FACTHUS DE ADMINISTRAÇÃO E GESTÃO
B2,2526-3102,GESTÃO & APRENDIZAGEM
C,2526-4109,REVISTA DE ECONOMIA POLÍTICA E PENSAMENTO CRÍTICO
C,2526-415X,"REVISTA DE CIÊNCIA, TECNOLOGIA E INOVAÇÃO"
B1,2526-4281,FACIT BUSINESS AND TECHNOLOGY JOURNAL
C,2526-4451,REVISTA DE DIREITO RECUPERACIONAL E EMPRESA
C,2526-7043,AGROMETEOROS
A3,2526-7752,ESTUDOS SOCIEDADE E AGRICULTURA (ONLINE)
B3,2526-8066,ALMANAQUE DE CIÊNCIA POLÍTICA
B4,2526-8384,REVISTA GESTÃO DO CONHECIMENTO E TECNOLOGIA DA INFORMAÇÃO
B3,2526-8503,PRÁTICAS EM GESTÃO PÚBLICA UNIVERSITÁRIA
C,2526-9348,REVISTA DE DIREITO DA EMPRESA E DOS NEGÓCIOS
B4,2526-9518,"COLÓQUIO ORGANIZAÇÕES, DESENVOLVIMENTO E SUSTENTABILIDADE"
B4,2526-9526,REVISTA ESTRATÉGIA E DESENVOLVIMENTO
NP,2526-9658,"POEMAS - POLÍTICA, ECONOMIA, MINERAÇÃO, AMBIENTE E SOCIEDADE"
C,2527-0044,DIVERSIDADE E GESTÃO (ONLINE)
C,2527-0613,REVISTA BRASILEIRA DE TECNOLOGIA AGROPECUÁRIA
B4,2527-1105,MUNDO DO TRABALHO CONTEMPORÂNEO
B3,2527-1253,REVISTA CONTROLE SOCIAL E DESENVOLVIMENTO TERRÍTORIAL
B3,2527-2349,REVISTA GEOPOLÍTICA TRANSFRONTEIRIÇA
B3,2530-3090,SERVICIOS SOCIALES Y POLÍTICA SOCIAL
A2,2531-0488,RAUSP MANAGEMENT JOURNAL
B4,2543-9472,CEREM: CENTRAL EUROPEAN REVIEW OF ECONOMICS AND MANAGEMENT (PRINT)
B4,2559-6004,JOURNAL OF ACCOUNTING AND MANAGEMENT INFORMATION SYSTEMS
C,2572-3154,INTERNATIONAL JOURNAL OF HORTICULTURE & AGRICULTURE
B4,2572-3170,BUSINESS STRATEGY AND DEVELOPMENT
B4,2572-8997,JOURNAL OF BEHAVIORAL ECONOMICS FOR POLICY
C,2573-458X,ENVIRONMENTAL POLLUTION AND CLIMATE CHANGE
B4,2574-0962,ACS APPLIED ENERGY MATERIALS
C,2574-3805,JAMA NETWORK OPEN
B4,2575-8586,GLOBAL JOURNAL OF INTELLECTUAL &  DEVELOPMENTAL DISABILITIES
C,2576-8840,RESEARCH & DEVELOPMENT IN MATERIAL SCIENCE
B4,2580-779X,INTERNATIONAL JOURNAL OF SMART GRID AND SUSTAINABLE ENERGY TECHNOLOGIES
C,2581-4478,ASIAN JOURNAL OF AGRICULTURAL AND HORTICULTURAL RESEARCH
B4,2589-7799,JOURNAL FOR REATTACH THERAPY AND DEVELOPMENTAL DIVERSITIES
C,2594-3855,REVISTA DE POLÍTICAS PÚBLICAS E SEGURANÇA SOCIAL
B3,2594-5815,"DESENVOLVIMENTO, FRONTEIRAS E CIDADANIA"
C,2594-5866,AGRO EM QUESTÃO
C,2594-6641,ANAIS DO ENCONTRO DE ECONOMIA POLÍTICA INTERNACIONAL
C,2594-6781,REVISTA AGRONOMIA BRASILEIRA
NP,2594-7613,"SEMINÁRIO NACIONAL E SEMINÁRIO INTERNACIONAL POLÍTICAS PÚBLICAS, GESTÃO E PRÁXIS EDUCACIONAL"
B4,2594-7788,HORIZONTES INTERDISCIPLINARES DA GESTÃO
B4,2594-8040,JOURNAL OF PERSPECTIVES IN MANAGEMENT
C,2594-9470,SCIENCE AND TECHNOLOGY INNOVATION IN AGRONOMY
C,2595-0045,REVISTA DE AGROECOLOGIA NO SEMIÁRIDO
B4,2595-041X,SAVANNAH JOURNAL OF RESEARCH AND DEVELOPMENT (ONLINE)
B4,2595-0428,INTERNATIONAL CONTEMPORARY MANAGEMENT REVIEW - ICMR
B4,2595-1750,"CAFI - CONTABILIDADE, ATUÁRIA, FINANÇAS E INFORMAÇÃO"
B3,2595-5861,"GESTÃO, INOVAÇÃO E EMPREENDEDORISMO"
B4,2595-7287,REVISTA DE CONTABILIDADE E GESTÃO CONTEMPORÂNEA
NP,2595-7775,GESTUS CADERNOS DE ADMINISTRAÇÃO E GESTÃO PÚBLICA
B4,2595-833X,"ECONOMIA E DESENVOLVIMENTO (SANTA MARIA, ONLINE)"
B4,2595-8909,AMAZON BUSINESS RESEARCH
B4,2595-9387,DESENVOLVIMENTO RURAL INTERDISCIPLINAR
C,2595-9689,REVISTA JURÍDICA TRABALHO E DESENVOLVIMENTO HUMANO
B4,2596-108X,MUNDO E DESENVOLVIMENTO
C,2605-1044,JOURNAL OF MANAGEMENT AND BUSINESS EDUCATION
C,2617-7277,EAST AFRICAN SCHOLARS JOURNAL OF AGRICULTURE AND LIFE SCIENCES (ONLINE)
C,2618-3188,"CIENCIA, TECNOLOGÍA Y POLÍTICA"
C,2630-5771,"JOURNAL OF CONSTRUCTION ENGINEERING, MANAGEMENT & INNOVATION"
C,2640-2718,OPEN ACCESS JOURNAL OF WASTE MANAGEMENT & XENOBIOTICS
A2,8756-5641,DEVELOPMENTAL NEUROPSYCHOLOGY
A1,8756-9728,PROJECT MANAGEMENT JOURNAL
